Site name,Generation date,Time period,Electricity unit price ?QAR/kWh?,Electricity generation ?kWh?,Electricity charge ?QAR?
Mowasalat Hybrid Solar Charging Station - LTS Building,2025-12-04,13:30, ,1.105,0.2431
Mowasalat Hybrid Solar Charging Station - LTS Building,2025-12-04,13:00,0.22,1.9071,0.4196
Mowasalat Hybrid Solar Charging Station - LTS Building,2025-12-04,12:30,0.22,1.3262,0.2918
Mowasalat Hybrid Solar Charging Station - LTS Building,2025-12-04,12:00,0.22,1.8649,0.4103
Mowasalat Hybrid Solar Charging Station - LTS Building,2025-12-04,11:30,0.22,2.0996,0.4619
Mowasalat Hybrid Solar Charging Station - LTS Building,2025-12-04,11:00,0.22,2.2046,0.485
Mowasalat Hybrid Solar Charging Station - LTS Building,2025-12-04,10:30,0.22,2.1272,0.468
Mowasalat Hybrid Solar Charging Station - LTS Building,2025-12-04,10:00,0.22,2.0772,0.457
Mowasalat Hybrid Solar Charging Station - LTS Building,2025-12-04,09:30,0.22,1.8737,0.4122
Mowasalat Hybrid Solar Charging Station - LTS Building,2025-12-04,09:00,0.22,1.6559,0.3643
Mowasalat Hybrid Solar Charging Station - LTS Building,2025-12-04,08:30,0.22,1.4094,0.3101
Mowasalat Hybrid Solar Charging Station - LTS Building,2025-12-04,08:00,0.22,1.0055,0.2212
Mowasalat Hybrid Solar Charging Station - LTS Building,2025-12-04,07:30,0.22,0.551,0.1212
Mowasalat Hybrid Solar Charging Station - LTS Building,2025-12-04,07:00,0.22,0.2451,0.0539
Mowasalat Hybrid Solar Charging Station - LTS Building,2025-12-04,06:30,0.22,0.091,0.02
Mowasalat Hybrid Solar Charging Station - LTS Building,2025-12-04,06:00,0.22,0.0,0.0
Mowasalat Hybrid Solar Charging Station - LTS Building,2025-12-04,05:30,0.22,0.0,0.0
Mowasalat Hybrid Solar Charging Station - LTS Building,2025-12-04,05:00,0.22,0.0,0.0
Mowasalat Hybrid Solar Charging Station - LTS Building,2025-12-04,04:30,0.22,0.0,0.0
Mowasalat Hybrid Solar Charging Station - LTS Building,2025-12-04,04:00,0.22,0.0,0.0
Mowasalat Hybrid Solar Charging Station - LTS Building,2025-12-04,03:30,0.22,0.0,0.0
Mowasalat Hybrid Solar Charging Station - LTS Building,2025-12-04,03:00,0.22,0.0,0.0
Mowasalat Hybrid Solar Charging Station - LTS Building,2025-12-04,02:30,0.22,0.0,0.0
Mowasalat Hybrid Solar Charging Station - LTS Building,2025-12-04,02:00,0.22,0.0,0.0
Mowasalat Hybrid Solar Charging Station - LTS Building,2025-12-04,01:30,0.22,0.0,0.0
Mowasalat Hybrid Solar Charging Station - LTS Building,2025-12-04,01:00,0.22,0.0,0.0
Mowasalat Hybrid Solar Charging Station - LTS Building,2025-12-04,00:30,0.22,0.0,0.0
Mowasalat Hybrid Solar Charging Station - LTS Building,2025-12-04,00:00,0.22,0.0,0.0
Mowasalat Hybrid Solar Charging Station - LTS Building,2025-12-03,23:30,0.22,0.0,0.0
Mowasalat Hybrid Solar Charging Station - LTS Building,2025-12-03,23:00,0.22,0.0,0.0
Mowasalat Hybrid Solar Charging Station - LTS Building,2025-12-03,22:30,0.22,0.0,0.0
Mowasalat Hybrid Solar Charging Station - LTS Building,2025-12-03,22:00,0.22,0.0,0.0
Mowasalat Hybrid Solar Charging Station - LTS Building,2025-12-03,21:30,0.22,0.0,0.0
Mowasalat Hybrid Solar Charging Station - LTS Building,2025-12-03,21:00,0.22,0.0,0.0
Mowasalat Hybrid Solar Charging Station - LTS Building,2025-12-03,20:30,0.22,0.0,0.0
Mowasalat Hybrid Solar Charging Station - LTS Building,2025-12-03,20:00,0.22,0.0,0.0
Mowasalat Hybrid Solar Charging Station - LTS Building,2025-12-03,19:30,0.22,0.0,0.0
Mowasalat Hybrid Solar Charging Station - LTS Building,2025-12-03,19:00,0.22,0.0,0.0
Mowasalat Hybrid Solar Charging Station - LTS Building,2025-12-03,18:30,0.22,0.0,0.0
Mowasalat Hybrid Solar Charging Station - LTS Building,2025-12-03,18:00,0.22,0.0,0.0
Mowasalat Hybrid Solar Charging Station - LTS Building,2025-12-03,17:30,0.22,0.0,0.0
Mowasalat Hybrid Solar Charging Station - LTS Building,2025-12-03,17:00,0.22,0.0,0.0
Mowasalat Hybrid Solar Charging Station - LTS Building,2025-12-03,16:30,0.22,0.0,0.0
Mowasalat Hybrid Solar Charging Station - LTS Building,2025-12-03,16:00,0.22,0.0203,0.0045
Mowasalat Hybrid Solar Charging Station - LTS Building,2025-12-03,15:30,0.22,0.2383,0.0524
Mowasalat Hybrid Solar Charging Station - LTS Building,2025-12-03,15:00,0.22,0.4613,0.1015
Mowasalat Hybrid Solar Charging Station - LTS Building,2025-12-03,14:30,0.22,0.7811,0.1718
Mowasalat Hybrid Solar Charging Station - LTS Building,2025-12-03,14:00,0.22,1.0336,0.2274
Mowasalat Hybrid Solar Charging Station - LTS Building,2025-12-03,13:30,0.22,1.3637,0.3
Mowasalat Hybrid Solar Charging Station - LTS Building,2025-12-03,13:00,0.22,1.6596,0.3651
Mowasalat Hybrid Solar Charging Station - LTS Building,2025-12-03,12:30,0.22,1.9178,0.4219
Mowasalat Hybrid Solar Charging Station - LTS Building,2025-12-03,12:00,0.22,2.1538,0.4738
Mowasalat Hybrid Solar Charging Station - LTS Building,2025-12-03,11:30,0.22,2.2242,0.4893
Mowasalat Hybrid Solar Charging Station - LTS Building,2025-12-03,11:00,0.22,2.2487,0.4947
Mowasalat Hybrid Solar Charging Station - LTS Building,2025-12-03,10:30,0.22,2.2185,0.4881
Mowasalat Hybrid Solar Charging Station - LTS Building,2025-12-03,10:00,0.22,2.1573,0.4746
Mowasalat Hybrid Solar Charging Station - LTS Building,2025-12-03,09:30,0.22,2.0064,0.4414
Mowasalat Hybrid Solar Charging Station - LTS Building,2025-12-03,09:00,0.22,1.7724,0.3899
Mowasalat Hybrid Solar Charging Station - LTS Building,2025-12-03,08:30,0.22,1.4311,0.3148
Mowasalat Hybrid Solar Charging Station - LTS Building,2025-12-03,08:00,0.22,1.103,0.2427
Mowasalat Hybrid Solar Charging Station - LTS Building,2025-12-03,07:30,0.22,0.6812,0.1499
Mowasalat Hybrid Solar Charging Station - LTS Building,2025-12-03,07:00,0.22,0.246,0.0541
Mowasalat Hybrid Solar Charging Station - LTS Building,2025-12-03,06:30,0.22,0.0983,0.0216
Mowasalat Hybrid Solar Charging Station - LTS Building,2025-12-03,06:00,0.22,0.0,0.0
Mowasalat Hybrid Solar Charging Station - LTS Building,2025-12-03,05:30,0.22,0.0,0.0
Mowasalat Hybrid Solar Charging Station - LTS Building,2025-12-03,05:00,0.22,0.0,0.0
Mowasalat Hybrid Solar Charging Station - LTS Building,2025-12-03,04:30,0.22,0.0,0.0
Mowasalat Hybrid Solar Charging Station - LTS Building,2025-12-03,04:00,0.22,0.0,0.0
Mowasalat Hybrid Solar Charging Station - LTS Building,2025-12-03,03:30,0.22,0.0,0.0
Mowasalat Hybrid Solar Charging Station - LTS Building,2025-12-03,03:00,0.22,0.0,0.0
Mowasalat Hybrid Solar Charging Station - LTS Building,2025-12-03,02:30,0.22,0.0,0.0
Mowasalat Hybrid Solar Charging Station - LTS Building,2025-12-03,02:00,0.22,0.0,0.0
Mowasalat Hybrid Solar Charging Station - LTS Building,2025-12-03,01:30,0.22,0.0,0.0
Mowasalat Hybrid Solar Charging Station - LTS Building,2025-12-03,01:00,0.22,0.0,0.0
Mowasalat Hybrid Solar Charging Station - LTS Building,2025-12-03,00:30,0.22,0.0,0.0
Mowasalat Hybrid Solar Charging Station - LTS Building,2025-12-03,00:00,0.22,0.0,0.0
Mowasalat Hybrid Solar Charging Station - LTS Building,2025-12-02,23:30,0.22,0.0,0.0
Mowasalat Hybrid Solar Charging Station - LTS Building,2025-12-02,23:00,0.22,0.0,0.0
Mowasalat Hybrid Solar Charging Station - LTS Building,2025-12-02,22:30,0.22,0.0,0.0
Mowasalat Hybrid Solar Charging Station - LTS Building,2025-12-02,22:00,0.22,0.0,0.0
Mowasalat Hybrid Solar Charging Station - LTS Building,2025-12-02,21:30,0.22,0.0,0.0
Mowasalat Hybrid Solar Charging Station - LTS Building,2025-12-02,21:00,0.22,0.0,0.0
Mowasalat Hybrid Solar Charging Station - LTS Building,2025-12-02,20:30,0.22,0.0,0.0
Mowasalat Hybrid Solar Charging Station - LTS Building,2025-12-02,20:00,0.22,0.0,0.0
Mowasalat Hybrid Solar Charging Station - LTS Building,2025-12-02,19:30,0.22,0.0,0.0
Mowasalat Hybrid Solar Charging Station - LTS Building,2025-12-02,19:00,0.22,0.0,0.0
Mowasalat Hybrid Solar Charging Station - LTS Building,2025-12-02,18:30,0.22,0.0,0.0
Mowasalat Hybrid Solar Charging Station - LTS Building,2025-12-02,18:00,0.22,0.0,0.0
Mowasalat Hybrid Solar Charging Station - LTS Building,2025-12-02,17:30,0.22,0.0,0.0
Mowasalat Hybrid Solar Charging Station - LTS Building,2025-12-02,17:00,0.22,0.0,0.0
Mowasalat Hybrid Solar Charging Station - LTS Building,2025-12-02,16:30,0.22,0.0,0.0
Mowasalat Hybrid Solar Charging Station - LTS Building,2025-12-02,16:00,0.22,0.0029,0.00060
Mowasalat Hybrid Solar Charging Station - LTS Building,2025-12-02,15:30,0.22,0.2479,0.0545
Mowasalat Hybrid Solar Charging Station - LTS Building,2025-12-02,15:00,0.22,0.5843,0.1285
Mowasalat Hybrid Solar Charging Station - LTS Building,2025-12-02,14:30,0.22,0.6246,0.1374
Mowasalat Hybrid Solar Charging Station - LTS Building,2025-12-02,14:00,0.22,0.9135,0.201
Mowasalat Hybrid Solar Charging Station - LTS Building,2025-12-02,13:30,0.22,0.8737,0.1922
Mowasalat Hybrid Solar Charging Station - LTS Building,2025-12-02,13:00,0.22,1.4774,0.325
Mowasalat Hybrid Solar Charging Station - LTS Building,2025-12-02,12:30,0.22,1.7415,0.3831
Mowasalat Hybrid Solar Charging Station - LTS Building,2025-12-02,12:00,0.22,1.7939,0.3947
Mowasalat Hybrid Solar Charging Station - LTS Building,2025-12-02,11:30,0.22,1.8821,0.4141
Mowasalat Hybrid Solar Charging Station - LTS Building,2025-12-02,11:00,0.22,2.1155,0.4654
Mowasalat Hybrid Solar Charging Station - LTS Building,2025-12-02,10:30,0.22,2.1721,0.4779
Mowasalat Hybrid Solar Charging Station - LTS Building,2025-12-02,10:00,0.22,2.188,0.4814
Mowasalat Hybrid Solar Charging Station - LTS Building,2025-12-02,09:30,0.22,2.0085,0.4419
Mowasalat Hybrid Solar Charging Station - LTS Building,2025-12-02,09:00,0.22,1.748,0.3846
Mowasalat Hybrid Solar Charging Station - LTS Building,2025-12-02,08:30,0.22,1.3487,0.2967
Mowasalat Hybrid Solar Charging Station - LTS Building,2025-12-02,08:00,0.22,1.0399,0.2288
Mowasalat Hybrid Solar Charging Station - LTS Building,2025-12-02,07:30,0.22,0.6307,0.1388
Mowasalat Hybrid Solar Charging Station - LTS Building,2025-12-02,07:00,0.22,0.339,0.0746
Mowasalat Hybrid Solar Charging Station - LTS Building,2025-12-02,06:30,0.22,0.1054,0.0232
Mowasalat Hybrid Solar Charging Station - LTS Building,2025-12-02,06:00,0.22,0.0,0.0
Mowasalat Hybrid Solar Charging Station - LTS Building,2025-12-02,05:30,0.22,0.0,0.0
Mowasalat Hybrid Solar Charging Station - LTS Building,2025-12-02,05:00,0.22,0.0,0.0
Mowasalat Hybrid Solar Charging Station - LTS Building,2025-12-02,04:30,0.22,0.0,0.0
Mowasalat Hybrid Solar Charging Station - LTS Building,2025-12-02,04:00,0.22,0.0,0.0
Mowasalat Hybrid Solar Charging Station - LTS Building,2025-12-02,03:30,0.22,0.0,0.0
Mowasalat Hybrid Solar Charging Station - LTS Building,2025-12-02,03:00,0.22,0.0,0.0
Mowasalat Hybrid Solar Charging Station - LTS Building,2025-12-02,02:30,0.22,0.0,0.0
Mowasalat Hybrid Solar Charging Station - LTS Building,2025-12-02,02:00,0.22,0.0,0.0
Mowasalat Hybrid Solar Charging Station - LTS Building,2025-12-02,01:30,0.22,0.0,0.0
Mowasalat Hybrid Solar Charging Station - LTS Building,2025-12-02,01:00,0.22,0.0,0.0
Mowasalat Hybrid Solar Charging Station - LTS Building,2025-12-02,00:30,0.22,0.0,0.0
Mowasalat Hybrid Solar Charging Station - LTS Building,2025-12-02,00:00,0.22,0.0,0.0
Mowasalat Hybrid Solar Charging Station - LTS Building,2025-12-01,23:30,0.22,0.0,0.0
Mowasalat Hybrid Solar Charging Station - LTS Building,2025-12-01,23:00,0.22,0.0,0.0
Mowasalat Hybrid Solar Charging Station - LTS Building,2025-12-01,22:30,0.22,0.0,0.0
Mowasalat Hybrid Solar Charging Station - LTS Building,2025-12-01,22:00,0.22,0.0,0.0
Mowasalat Hybrid Solar Charging Station - LTS Building,2025-12-01,21:30,0.22,0.0,0.0
Mowasalat Hybrid Solar Charging Station - LTS Building,2025-12-01,21:00,0.22,0.0,0.0
Mowasalat Hybrid Solar Charging Station - LTS Building,2025-12-01,20:30,0.22,0.0,0.0
Mowasalat Hybrid Solar Charging Station - LTS Building,2025-12-01,20:00,0.22,0.0,0.0
Mowasalat Hybrid Solar Charging Station - LTS Building,2025-12-01,19:30,0.22,0.0,0.0
Mowasalat Hybrid Solar Charging Station - LTS Building,2025-12-01,19:00,0.22,0.0,0.0
Mowasalat Hybrid Solar Charging Station - LTS Building,2025-12-01,18:30,0.22,0.0,0.0
Mowasalat Hybrid Solar Charging Station - LTS Building,2025-12-01,18:00,0.22,0.0,0.0
Mowasalat Hybrid Solar Charging Station - LTS Building,2025-12-01,17:30,0.22,0.0,0.0
Mowasalat Hybrid Solar Charging Station - LTS Building,2025-12-01,17:00,0.22,0.0,0.0
Mowasalat Hybrid Solar Charging Station - LTS Building,2025-12-01,16:30,0.22,0.0,0.0
Mowasalat Hybrid Solar Charging Station - LTS Building,2025-12-01,16:00,0.22,0.00020,0.0
Mowasalat Hybrid Solar Charging Station - LTS Building,2025-12-01,15:30,0.22,0.1913,0.0421
Mowasalat Hybrid Solar Charging Station - LTS Building,2025-12-01,15:00,0.22,0.5467,0.1203
Mowasalat Hybrid Solar Charging Station - LTS Building,2025-12-01,14:30,0.22,0.9124,0.2007
Mowasalat Hybrid Solar Charging Station - LTS Building,2025-12-01,14:00,0.22,1.1097,0.2441
Mowasalat Hybrid Solar Charging Station - LTS Building,2025-12-01,13:30,0.22,1.3622,0.2997
Mowasalat Hybrid Solar Charging Station - LTS Building,2025-12-01,13:00,0.22,1.5525,0.3416
Mowasalat Hybrid Solar Charging Station - LTS Building,2025-12-01,12:30,0.22,1.7682,0.389
Mowasalat Hybrid Solar Charging Station - LTS Building,2025-12-01,12:00,0.22,1.7807,0.3918
Mowasalat Hybrid Solar Charging Station - LTS Building,2025-12-01,11:30,0.22,1.8889,0.4156
Mowasalat Hybrid Solar Charging Station - LTS Building,2025-12-01,11:00,0.22,2.1671,0.4768
Mowasalat Hybrid Solar Charging Station - LTS Building,2025-12-01,10:30,0.22,2.037,0.4481
Mowasalat Hybrid Solar Charging Station - LTS Building,2025-12-01,10:00,0.22,2.1217,0.4668
Mowasalat Hybrid Solar Charging Station - LTS Building,2025-12-01,09:30,0.22,1.9263,0.4238
Mowasalat Hybrid Solar Charging Station - LTS Building,2025-12-01,09:00,0.22,1.7165,0.3776
Mowasalat Hybrid Solar Charging Station - LTS Building,2025-12-01,08:30,0.22,1.384,0.3045
Mowasalat Hybrid Solar Charging Station - LTS Building,2025-12-01,08:00,0.22,0.9715,0.2137
Mowasalat Hybrid Solar Charging Station - LTS Building,2025-12-01,07:30,0.22,0.6341,0.1395
Mowasalat Hybrid Solar Charging Station - LTS Building,2025-12-01,07:00,0.22,0.3164,0.0696
Mowasalat Hybrid Solar Charging Station - LTS Building,2025-12-01,06:30,0.22,0.1027,0.0226
Mowasalat Hybrid Solar Charging Station - LTS Building,2025-12-01,06:00,0.22,0.0,0.0
Mowasalat Hybrid Solar Charging Station - LTS Building,2025-12-01,05:30,0.22,0.0,0.0
Mowasalat Hybrid Solar Charging Station - LTS Building,2025-12-01,05:00,0.32,0.0,0.0
Mowasalat Hybrid Solar Charging Station - LTS Building,2025-12-01,04:30,0.32,0.0,0.0
Mowasalat Hybrid Solar Charging Station - LTS Building,2025-12-01,04:00,0.32,0.0,0.0
Mowasalat Hybrid Solar Charging Station - LTS Building,2025-12-01,03:30,0.32,0.0,0.0
Mowasalat Hybrid Solar Charging Station - LTS Building,2025-12-01,03:00,0.32,0.0,0.0
Mowasalat Hybrid Solar Charging Station - LTS Building,2025-12-01,02:30,0.32,0.0,0.0
Mowasalat Hybrid Solar Charging Station - LTS Building,2025-12-01,02:00,0.32,0.0,0.0
Mowasalat Hybrid Solar Charging Station - LTS Building,2025-12-01,01:30,0.32,0.0,0.0
Mowasalat Hybrid Solar Charging Station - LTS Building,2025-12-01,01:00,0.32,0.0,0.0
Mowasalat Hybrid Solar Charging Station - LTS Building,2025-12-01,00:30,0.32,0.0,0.0
Mowasalat Hybrid Solar Charging Station - LTS Building,2025-12-01,00:00,0.32,0.0,0.0
Mowasalat Hybrid Solar Charging Station - LTS Building,2025-11-30,23:30,0.32,0.0,0.0
Mowasalat Hybrid Solar Charging Station - LTS Building,2025-11-30,23:00,0.32,0.0,0.0
Mowasalat Hybrid Solar Charging Station - LTS Building,2025-11-30,22:30,0.32,0.0,0.0
Mowasalat Hybrid Solar Charging Station - LTS Building,2025-11-30,22:00,0.32,0.0,0.0
Mowasalat Hybrid Solar Charging Station - LTS Building,2025-11-30,21:30,0.32,0.0,0.0
Mowasalat Hybrid Solar Charging Station - LTS Building,2025-11-30,21:00,0.32,0.0,0.0
Mowasalat Hybrid Solar Charging Station - LTS Building,2025-11-30,20:30,0.32,0.0,0.0
Mowasalat Hybrid Solar Charging Station - LTS Building,2025-11-30,20:00,0.32,0.0,0.0
Mowasalat Hybrid Solar Charging Station - LTS Building,2025-11-30,19:30,0.32,0.0,0.0
Mowasalat Hybrid Solar Charging Station - LTS Building,2025-11-30,19:00,0.32,0.0,0.0
Mowasalat Hybrid Solar Charging Station - LTS Building,2025-11-30,18:30,0.32,0.0,0.0
Mowasalat Hybrid Solar Charging Station - LTS Building,2025-11-30,18:00,0.32,0.0,0.0
Mowasalat Hybrid Solar Charging Station - LTS Building,2025-11-30,17:30,0.32,0.0,0.0
Mowasalat Hybrid Solar Charging Station - LTS Building,2025-11-30,17:00,0.32,0.0,0.0
Mowasalat Hybrid Solar Charging Station - LTS Building,2025-11-30,16:30,0.32,0.0,0.0
Mowasalat Hybrid Solar Charging Station - LTS Building,2025-11-30,16:00,0.32,0.0119,0.0038
Mowasalat Hybrid Solar Charging Station - LTS Building,2025-11-30,15:30,0.32,0.2482,0.0794
Mowasalat Hybrid Solar Charging Station - LTS Building,2025-11-30,15:00,0.32,0.5231,0.1674
Mowasalat Hybrid Solar Charging Station - LTS Building,2025-11-30,14:30,0.32,0.846,0.2707
Mowasalat Hybrid Solar Charging Station - LTS Building,2025-11-30,14:00,0.32,1.1826,0.3784
Mowasalat Hybrid Solar Charging Station - LTS Building,2025-11-30,13:30,0.32,1.5077,0.4825
Mowasalat Hybrid Solar Charging Station - LTS Building,2025-11-30,13:00,0.32,1.8471,0.5911
Mowasalat Hybrid Solar Charging Station - LTS Building,2025-11-30,12:30,0.32,2.1097,0.6751
Mowasalat Hybrid Solar Charging Station - LTS Building,2025-11-30,12:00,0.32,2.2959,0.7347
Mowasalat Hybrid Solar Charging Station - LTS Building,2025-11-30,11:30,0.32,2.343,0.7498
Mowasalat Hybrid Solar Charging Station - LTS Building,2025-11-30,11:00,0.32,2.4778,0.7929
Mowasalat Hybrid Solar Charging Station - LTS Building,2025-11-30,10:30,0.32,2.3478,0.7513
Mowasalat Hybrid Solar Charging Station - LTS Building,2025-11-30,10:00,0.32,2.4033,0.7691
Mowasalat Hybrid Solar Charging Station - LTS Building,2025-11-30,09:30,0.32,2.1262,0.6804
Mowasalat Hybrid Solar Charging Station - LTS Building,2025-11-30,09:00,0.32,1.9031,0.609
Mowasalat Hybrid Solar Charging Station - LTS Building,2025-11-30,08:30,0.32,1.6255,0.5202
Mowasalat Hybrid Solar Charging Station - LTS Building,2025-11-30,08:00,0.32,1.2099,0.3872
Mowasalat Hybrid Solar Charging Station - LTS Building,2025-11-30,07:30,0.32,0.7779,0.2489
Mowasalat Hybrid Solar Charging Station - LTS Building,2025-11-30,07:00,0.32,0.2526,0.0808
Mowasalat Hybrid Solar Charging Station - LTS Building,2025-11-30,06:30,0.32,0.0905,0.029
Mowasalat Hybrid Solar Charging Station - LTS Building,2025-11-30,06:00,0.32,0.0,0.0
Mowasalat Hybrid Solar Charging Station - LTS Building,2025-11-30,05:30,0.32,0.0,0.0
Mowasalat Hybrid Solar Charging Station - LTS Building,2025-11-30,05:00,0.32,0.0,0.0
Mowasalat Hybrid Solar Charging Station - LTS Building,2025-11-30,04:30,0.32,0.0,0.0
Mowasalat Hybrid Solar Charging Station - LTS Building,2025-11-30,04:00,0.32,0.0,0.0
Mowasalat Hybrid Solar Charging Station - LTS Building,2025-11-30,03:30,0.32,0.0,0.0
Mowasalat Hybrid Solar Charging Station - LTS Building,2025-11-30,03:00,0.32,0.0,0.0
Mowasalat Hybrid Solar Charging Station - LTS Building,2025-11-30,02:30,0.32,0.0,0.0
Mowasalat Hybrid Solar Charging Station - LTS Building,2025-11-30,02:00,0.32,0.0,0.0
Mowasalat Hybrid Solar Charging Station - LTS Building,2025-11-30,01:30,0.32,0.0,0.0
Mowasalat Hybrid Solar Charging Station - LTS Building,2025-11-30,01:00,0.32,0.0,0.0
Mowasalat Hybrid Solar Charging Station - LTS Building,2025-11-30,00:30,0.32,0.0,0.0
Mowasalat Hybrid Solar Charging Station - LTS Building,2025-11-30,00:00,0.32,0.0,0.0
Mowasalat Hybrid Solar Charging Station - LTS Building,2025-11-29,23:30,0.32,0.0,0.0
Mowasalat Hybrid Solar Charging Station - LTS Building,2025-11-29,23:00,0.32,0.0,0.0
Mowasalat Hybrid Solar Charging Station - LTS Building,2025-11-29,22:30,0.32,0.0,0.0
Mowasalat Hybrid Solar Charging Station - LTS Building,2025-11-29,22:00,0.32,0.0,0.0
Mowasalat Hybrid Solar Charging Station - LTS Building,2025-11-29,21:30,0.32,0.0,0.0
Mowasalat Hybrid Solar Charging Station - LTS Building,2025-11-29,21:00,0.32,0.0,0.0
Mowasalat Hybrid Solar Charging Station - LTS Building,2025-11-29,20:30,0.32,0.0,0.0
Mowasalat Hybrid Solar Charging Station - LTS Building,2025-11-29,20:00,0.32,0.0,0.0
Mowasalat Hybrid Solar Charging Station - LTS Building,2025-11-29,19:30,0.32,0.0,0.0
Mowasalat Hybrid Solar Charging Station - LTS Building,2025-11-29,19:00,0.32,0.0,0.0
Mowasalat Hybrid Solar Charging Station - LTS Building,2025-11-29,18:30,0.32,0.0,0.0
Mowasalat Hybrid Solar Charging Station - LTS Building,2025-11-29,18:00,0.32,0.0,0.0
Mowasalat Hybrid Solar Charging Station - LTS Building,2025-11-29,17:30,0.32,0.0,0.0
Mowasalat Hybrid Solar Charging Station - LTS Building,2025-11-29,17:00,0.32,0.0,0.0
Mowasalat Hybrid Solar Charging Station - LTS Building,2025-11-29,16:30,0.32,0.0,0.0
Mowasalat Hybrid Solar Charging Station - LTS Building,2025-11-29,16:00,0.32,0.0152,0.0049
Mowasalat Hybrid Solar Charging Station - LTS Building,2025-11-29,15:30,0.32,0.2688,0.086
Mowasalat Hybrid Solar Charging Station - LTS Building,2025-11-29,15:00,0.32,0.5157,0.165
Mowasalat Hybrid Solar Charging Station - LTS Building,2025-11-29,14:30,0.32,0.8363,0.2676
Mowasalat Hybrid Solar Charging Station - LTS Building,2025-11-29,14:00,0.32,1.1825,0.3784
Mowasalat Hybrid Solar Charging Station - LTS Building,2025-11-29,13:30,0.32,1.4759,0.4723
Mowasalat Hybrid Solar Charging Station - LTS Building,2025-11-29,13:00,0.32,1.7162,0.5492
Mowasalat Hybrid Solar Charging Station - LTS Building,2025-11-29,12:30,0.32,2.022,0.647
Mowasalat Hybrid Solar Charging Station - LTS Building,2025-11-29,12:00,0.32,2.1382,0.6842
Mowasalat Hybrid Solar Charging Station - LTS Building,2025-11-29,11:30,0.32,2.2663,0.7252
Mowasalat Hybrid Solar Charging Station - LTS Building,2025-11-29,11:00,0.32,2.2936,0.734
Mowasalat Hybrid Solar Charging Station - LTS Building,2025-11-29,10:30,0.32,2.2856,0.7314
Mowasalat Hybrid Solar Charging Station - LTS Building,2025-11-29,10:00,0.32,2.1991,0.7037
Mowasalat Hybrid Solar Charging Station - LTS Building,2025-11-29,09:30,0.32,2.0127,0.6441
Mowasalat Hybrid Solar Charging Station - LTS Building,2025-11-29,09:00,0.32,1.7967,0.5749
Mowasalat Hybrid Solar Charging Station - LTS Building,2025-11-29,08:30,0.32,1.5258,0.4883
Mowasalat Hybrid Solar Charging Station - LTS Building,2025-11-29,08:00,0.32,1.1975,0.3832
Mowasalat Hybrid Solar Charging Station - LTS Building,2025-11-29,07:30,0.32,0.8472,0.2711
Mowasalat Hybrid Solar Charging Station - LTS Building,2025-11-29,07:00,0.32,0.3228,0.1033
Mowasalat Hybrid Solar Charging Station - LTS Building,2025-11-29,06:30,0.32,0.128,0.041
Mowasalat Hybrid Solar Charging Station - LTS Building,2025-11-29,06:00,0.32,0.0,0.0
Mowasalat Hybrid Solar Charging Station - LTS Building,2025-11-29,05:30,0.32,0.0,0.0
Mowasalat Hybrid Solar Charging Station - LTS Building,2025-11-29,05:00,0.32,0.0,0.0
Mowasalat Hybrid Solar Charging Station - LTS Building,2025-11-29,04:30,0.32,0.0,0.0
Mowasalat Hybrid Solar Charging Station - LTS Building,2025-11-29,04:00,0.32,0.0,0.0
Mowasalat Hybrid Solar Charging Station - LTS Building,2025-11-29,03:30,0.32,0.0,0.0
Mowasalat Hybrid Solar Charging Station - LTS Building,2025-11-29,03:00,0.32,0.0,0.0
Mowasalat Hybrid Solar Charging Station - LTS Building,2025-11-29,02:30,0.32,0.0,0.0
Mowasalat Hybrid Solar Charging Station - LTS Building,2025-11-29,02:00,0.32,0.0,0.0
Mowasalat Hybrid Solar Charging Station - LTS Building,2025-11-29,01:30,0.32,0.0,0.0
Mowasalat Hybrid Solar Charging Station - LTS Building,2025-11-29,01:00,0.32,0.0,0.0
Mowasalat Hybrid Solar Charging Station - LTS Building,2025-11-29,00:30,0.32,0.0,0.0
Mowasalat Hybrid Solar Charging Station - LTS Building,2025-11-29,00:00,0.32,0.0,0.0
Mowasalat Hybrid Solar Charging Station - LTS Building,2025-11-28,23:30,0.32,0.0,0.0
Mowasalat Hybrid Solar Charging Station - LTS Building,2025-11-28,23:00,0.32,0.0,0.0
Mowasalat Hybrid Solar Charging Station - LTS Building,2025-11-28,22:30,0.32,0.0,0.0
Mowasalat Hybrid Solar Charging Station - LTS Building,2025-11-28,22:00,0.32,0.0,0.0
Mowasalat Hybrid Solar Charging Station - LTS Building,2025-11-28,21:30,0.32,0.0,0.0
Mowasalat Hybrid Solar Charging Station - LTS Building,2025-11-28,21:00,0.32,0.0,0.0
Mowasalat Hybrid Solar Charging Station - LTS Building,2025-11-28,20:30,0.32,0.0,0.0
Mowasalat Hybrid Solar Charging Station - LTS Building,2025-11-28,20:00,0.32,0.0,0.0
Mowasalat Hybrid Solar Charging Station - LTS Building,2025-11-28,19:30,0.32,0.0,0.0
Mowasalat Hybrid Solar Charging Station - LTS Building,2025-11-28,19:00,0.32,0.0,0.0
Mowasalat Hybrid Solar Charging Station - LTS Building,2025-11-28,18:30,0.32,0.0,0.0
Mowasalat Hybrid Solar Charging Station - LTS Building,2025-11-28,18:00,0.32,0.0,0.0
Mowasalat Hybrid Solar Charging Station - LTS Building,2025-11-28,17:30,0.32,0.0,0.0
Mowasalat Hybrid Solar Charging Station - LTS Building,2025-11-28,17:00,0.32,0.0,0.0
Mowasalat Hybrid Solar Charging Station - LTS Building,2025-11-28,16:30,0.32,0.0,0.0
Mowasalat Hybrid Solar Charging Station - LTS Building,2025-11-28,16:00,0.32,0.0084,0.0027
Mowasalat Hybrid Solar Charging Station - LTS Building,2025-11-28,15:30,0.32,0.231,0.0739
Mowasalat Hybrid Solar Charging Station - LTS Building,2025-11-28,15:00,0.32,0.4844,0.155
Mowasalat Hybrid Solar Charging Station - LTS Building,2025-11-28,14:30,0.32,0.8883,0.2843
Mowasalat Hybrid Solar Charging Station - LTS Building,2025-11-28,14:00,0.32,1.228,0.393
Mowasalat Hybrid Solar Charging Station - LTS Building,2025-11-28,13:30,0.32,1.5262,0.4884
Mowasalat Hybrid Solar Charging Station - LTS Building,2025-11-28,13:00,0.32,1.8708,0.5987
Mowasalat Hybrid Solar Charging Station - LTS Building,2025-11-28,12:30,0.32,2.0536,0.6572
Mowasalat Hybrid Solar Charging Station - LTS Building,2025-11-28,12:00,0.32,2.2483,0.7195
Mowasalat Hybrid Solar Charging Station - LTS Building,2025-11-28,11:30,0.32,2.3649,0.7568
Mowasalat Hybrid Solar Charging Station - LTS Building,2025-11-28,11:00,0.32,2.4328,0.7785
Mowasalat Hybrid Solar Charging Station - LTS Building,2025-11-28,10:30,0.32,2.4366,0.7797
Mowasalat Hybrid Solar Charging Station - LTS Building,2025-11-28,10:00,0.32,2.3404,0.7489
Mowasalat Hybrid Solar Charging Station - LTS Building,2025-11-28,09:30,0.32,2.2008,0.7043
Mowasalat Hybrid Solar Charging Station - LTS Building,2025-11-28,09:00,0.32,1.9716,0.6309
Mowasalat Hybrid Solar Charging Station - LTS Building,2025-11-28,08:30,0.32,1.6638,0.5324
Mowasalat Hybrid Solar Charging Station - LTS Building,2025-11-28,08:00,0.32,1.2871,0.4119
Mowasalat Hybrid Solar Charging Station - LTS Building,2025-11-28,07:30,0.32,0.9071,0.2903
Mowasalat Hybrid Solar Charging Station - LTS Building,2025-11-28,07:00,0.32,0.393,0.1258
Mowasalat Hybrid Solar Charging Station - LTS Building,2025-11-28,06:30,0.32,0.1152,0.0369
Mowasalat Hybrid Solar Charging Station - LTS Building,2025-11-28,06:00,0.32,0.0,0.0
Mowasalat Hybrid Solar Charging Station - LTS Building,2025-11-28,05:30,0.32,0.0,0.0
Mowasalat Hybrid Solar Charging Station - LTS Building,2025-11-28,05:00,0.32,0.0,0.0
Mowasalat Hybrid Solar Charging Station - LTS Building,2025-11-28,04:30,0.32,0.0,0.0
Mowasalat Hybrid Solar Charging Station - LTS Building,2025-11-28,04:00,0.32,0.0,0.0
Mowasalat Hybrid Solar Charging Station - LTS Building,2025-11-28,03:30,0.32,0.0,0.0
Mowasalat Hybrid Solar Charging Station - LTS Building,2025-11-28,03:00,0.32,0.0,0.0
Mowasalat Hybrid Solar Charging Station - LTS Building,2025-11-28,02:30,0.32,0.0,0.0
Mowasalat Hybrid Solar Charging Station - LTS Building,2025-11-28,02:00,0.32,0.0,0.0
Mowasalat Hybrid Solar Charging Station - LTS Building,2025-11-28,01:30,0.32,0.0,0.0
Mowasalat Hybrid Solar Charging Station - LTS Building,2025-11-28,01:00,0.32,0.0,0.0
Mowasalat Hybrid Solar Charging Station - LTS Building,2025-11-28,00:30,0.32,0.0,0.0
Mowasalat Hybrid Solar Charging Station - LTS Building,2025-11-28,00:00,0.32,0.0,0.0
Mowasalat Hybrid Solar Charging Station - LTS Building,2025-11-27,23:30,0.32,0.0,0.0
Mowasalat Hybrid Solar Charging Station - LTS Building,2025-11-27,23:00,0.32,0.0,0.0
Mowasalat Hybrid Solar Charging Station - LTS Building,2025-11-27,22:30,0.32,0.0,0.0
Mowasalat Hybrid Solar Charging Station - LTS Building,2025-11-27,22:00,0.32,0.0,0.0
Mowasalat Hybrid Solar Charging Station - LTS Building,2025-11-27,21:30,0.32,0.0,0.0
Mowasalat Hybrid Solar Charging Station - LTS Building,2025-11-27,21:00,0.32,0.0,0.0
Mowasalat Hybrid Solar Charging Station - LTS Building,2025-11-27,20:30,0.32,0.0,0.0
Mowasalat Hybrid Solar Charging Station - LTS Building,2025-11-27,20:00,0.32,0.0,0.0
Mowasalat Hybrid Solar Charging Station - LTS Building,2025-11-27,19:30,0.32,0.0,0.0
Mowasalat Hybrid Solar Charging Station - LTS Building,2025-11-27,19:00,0.32,0.0,0.0
Mowasalat Hybrid Solar Charging Station - LTS Building,2025-11-27,18:30,0.32,0.0,0.0
Mowasalat Hybrid Solar Charging Station - LTS Building,2025-11-27,18:00,0.32,0.0,0.0
Mowasalat Hybrid Solar Charging Station - LTS Building,2025-11-27,17:30,0.32,0.0,0.0
Mowasalat Hybrid Solar Charging Station - LTS Building,2025-11-27,17:00,0.32,0.0,0.0
Mowasalat Hybrid Solar Charging Station - LTS Building,2025-11-27,16:30,0.32,0.0,0.0
Mowasalat Hybrid Solar Charging Station - LTS Building,2025-11-27,16:00,0.32,0.034,0.0109
Mowasalat Hybrid Solar Charging Station - LTS Building,2025-11-27,15:30,0.32,0.2639,0.0844
Mowasalat Hybrid Solar Charging Station - LTS Building,2025-11-27,15:00,0.32,0.5454,0.1745
Mowasalat Hybrid Solar Charging Station - LTS Building,2025-11-27,14:30,0.32,0.8973,0.2871
Mowasalat Hybrid Solar Charging Station - LTS Building,2025-11-27,14:00,0.32,1.2336,0.3948
Mowasalat Hybrid Solar Charging Station - LTS Building,2025-11-27,13:30,0.32,1.6004,0.5121
Mowasalat Hybrid Solar Charging Station - LTS Building,2025-11-27,13:00,0.32,1.9064,0.61
Mowasalat Hybrid Solar Charging Station - LTS Building,2025-11-27,12:30,0.32,2.1425,0.6856
Mowasalat Hybrid Solar Charging Station - LTS Building,2025-11-27,12:00,0.32,2.3043,0.7374
Mowasalat Hybrid Solar Charging Station - LTS Building,2025-11-27,11:30,0.32,2.4622,0.7879
Mowasalat Hybrid Solar Charging Station - LTS Building,2025-11-27,11:00,0.32,2.5051,0.8016
Mowasalat Hybrid Solar Charging Station - LTS Building,2025-11-27,10:30,0.32,2.4754,0.7921
Mowasalat Hybrid Solar Charging Station - LTS Building,2025-11-27,10:00,0.32,2.4059,0.7699
Mowasalat Hybrid Solar Charging Station - LTS Building,2025-11-27,09:30,0.32,2.2341,0.7149
Mowasalat Hybrid Solar Charging Station - LTS Building,2025-11-27,09:00,0.32,1.9823,0.6343
Mowasalat Hybrid Solar Charging Station - LTS Building,2025-11-27,08:30,0.32,1.7071,0.5463
Mowasalat Hybrid Solar Charging Station - LTS Building,2025-11-27,08:00,0.32,1.3263,0.4244
Mowasalat Hybrid Solar Charging Station - LTS Building,2025-11-27,07:30,0.32,0.912,0.2918
Mowasalat Hybrid Solar Charging Station - LTS Building,2025-11-27,07:00,0.32,0.489,0.1565
Mowasalat Hybrid Solar Charging Station - LTS Building,2025-11-27,06:30,0.32,0.2757,0.0882
Mowasalat Hybrid Solar Charging Station - LTS Building,2025-11-27,06:00,0.32,0.0203,0.0065
Mowasalat Hybrid Solar Charging Station - LTS Building,2025-11-27,05:30,0.32,0.0,0.0
Mowasalat Hybrid Solar Charging Station - LTS Building,2025-11-27,05:00,0.32,0.0,0.0
Mowasalat Hybrid Solar Charging Station - LTS Building,2025-11-27,04:30,0.32,0.0,0.0
Mowasalat Hybrid Solar Charging Station - LTS Building,2025-11-27,04:00,0.32,0.0,0.0
Mowasalat Hybrid Solar Charging Station - LTS Building,2025-11-27,03:30,0.32,0.0,0.0
Mowasalat Hybrid Solar Charging Station - LTS Building,2025-11-27,03:00,0.32,0.0,0.0
Mowasalat Hybrid Solar Charging Station - LTS Building,2025-11-27,02:30,0.32,0.0,0.0
Mowasalat Hybrid Solar Charging Station - LTS Building,2025-11-27,02:00,0.32,0.0,0.0
Mowasalat Hybrid Solar Charging Station - LTS Building,2025-11-27,01:30,0.32,0.0,0.0
Mowasalat Hybrid Solar Charging Station - LTS Building,2025-11-27,01:00,0.32,0.0,0.0
Mowasalat Hybrid Solar Charging Station - LTS Building,2025-11-27,00:30,0.32,0.0,0.0
Mowasalat Hybrid Solar Charging Station - LTS Building,2025-11-27,00:00,0.32,0.0,0.0
Mowasalat Hybrid Solar Charging Station - LTS Building,2025-11-26,23:30,0.32,0.0,0.0
Mowasalat Hybrid Solar Charging Station - LTS Building,2025-11-26,23:00,0.32,0.0,0.0
Mowasalat Hybrid Solar Charging Station - LTS Building,2025-11-26,22:30,0.32,0.0,0.0
Mowasalat Hybrid Solar Charging Station - LTS Building,2025-11-26,22:00,0.32,0.0,0.0
Mowasalat Hybrid Solar Charging Station - LTS Building,2025-11-26,21:30,0.32,0.0,0.0
Mowasalat Hybrid Solar Charging Station - LTS Building,2025-11-26,21:00,0.32,0.0,0.0
Mowasalat Hybrid Solar Charging Station - LTS Building,2025-11-26,20:30,0.32,0.0,0.0
Mowasalat Hybrid Solar Charging Station - LTS Building,2025-11-26,20:00,0.32,0.0,0.0
Mowasalat Hybrid Solar Charging Station - LTS Building,2025-11-26,19:30,0.32,0.0,0.0
Mowasalat Hybrid Solar Charging Station - LTS Building,2025-11-26,19:00,0.32,0.0,0.0
Mowasalat Hybrid Solar Charging Station - LTS Building,2025-11-26,18:30,0.32,0.0,0.0
Mowasalat Hybrid Solar Charging Station - LTS Building,2025-11-26,18:00,0.32,0.0,0.0
Mowasalat Hybrid Solar Charging Station - LTS Building,2025-11-26,17:30,0.32,0.0,0.0
Mowasalat Hybrid Solar Charging Station - LTS Building,2025-11-26,17:00,0.32,0.0,0.0
Mowasalat Hybrid Solar Charging Station - LTS Building,2025-11-26,16:30,0.32,0.0,0.0
Mowasalat Hybrid Solar Charging Station - LTS Building,2025-11-26,16:00,0.32,0.0079,0.0025
Mowasalat Hybrid Solar Charging Station - LTS Building,2025-11-26,15:30,0.32,0.2717,0.0869
Mowasalat Hybrid Solar Charging Station - LTS Building,2025-11-26,15:00,0.32,0.3784,0.1211
Mowasalat Hybrid Solar Charging Station - LTS Building,2025-11-26,14:30,0.32,0.6606,0.2114
Mowasalat Hybrid Solar Charging Station - LTS Building,2025-11-26,14:00,0.32,0.8003,0.2561
Mowasalat Hybrid Solar Charging Station - LTS Building,2025-11-26,13:30,0.32,1.1297,0.3615
Mowasalat Hybrid Solar Charging Station - LTS Building,2025-11-26,13:00,0.32,1.3229,0.4233
Mowasalat Hybrid Solar Charging Station - LTS Building,2025-11-26,12:30,0.32,1.575,0.504
Mowasalat Hybrid Solar Charging Station - LTS Building,2025-11-26,12:00,0.32,2.2544,0.7214
Mowasalat Hybrid Solar Charging Station - LTS Building,2025-11-26,11:30,0.32,2.5549,0.8176
Mowasalat Hybrid Solar Charging Station - LTS Building,2025-11-26,11:00,0.32,2.672,0.855
Mowasalat Hybrid Solar Charging Station - LTS Building,2025-11-26,10:30,0.32,2.583,0.8266
Mowasalat Hybrid Solar Charging Station - LTS Building,2025-11-26,10:00,0.32,2.4227,0.7753
Mowasalat Hybrid Solar Charging Station - LTS Building,2025-11-26,09:30,0.32,2.2598,0.7231
Mowasalat Hybrid Solar Charging Station - LTS Building,2025-11-26,09:00,0.32,2.0699,0.6624
Mowasalat Hybrid Solar Charging Station - LTS Building,2025-11-26,08:30,0.32,1.7493,0.5598
Mowasalat Hybrid Solar Charging Station - LTS Building,2025-11-26,08:00,0.32,1.3993,0.4478
Mowasalat Hybrid Solar Charging Station - LTS Building,2025-11-26,07:30,0.32,0.7922,0.2535
Mowasalat Hybrid Solar Charging Station - LTS Building,2025-11-26,07:00,0.32,0.5836,0.1868
Mowasalat Hybrid Solar Charging Station - LTS Building,2025-11-26,06:30,0.32,0.3134,0.1003
Mowasalat Hybrid Solar Charging Station - LTS Building,2025-11-26,06:00,0.32,0.0511,0.0164
Mowasalat Hybrid Solar Charging Station - LTS Building,2025-11-26,05:30,0.32,0.0,0.0
Mowasalat Hybrid Solar Charging Station - LTS Building,2025-11-26,05:00,0.32,0.0,0.0
Mowasalat Hybrid Solar Charging Station - LTS Building,2025-11-26,04:30,0.32,0.0,0.0
Mowasalat Hybrid Solar Charging Station - LTS Building,2025-11-26,04:00,0.32,0.0,0.0
Mowasalat Hybrid Solar Charging Station - LTS Building,2025-11-26,03:30,0.32,0.0,0.0
Mowasalat Hybrid Solar Charging Station - LTS Building,2025-11-26,03:00,0.32,0.0,0.0
Mowasalat Hybrid Solar Charging Station - LTS Building,2025-11-26,02:30,0.32,0.0,0.0
Mowasalat Hybrid Solar Charging Station - LTS Building,2025-11-26,02:00,0.32,0.0,0.0
Mowasalat Hybrid Solar Charging Station - LTS Building,2025-11-26,01:30,0.32,0.0,0.0
Mowasalat Hybrid Solar Charging Station - LTS Building,2025-11-26,01:00,0.32,0.0,0.0
Mowasalat Hybrid Solar Charging Station - LTS Building,2025-11-26,00:30,0.32,0.0,0.0
Mowasalat Hybrid Solar Charging Station - LTS Building,2025-11-26,00:00,0.32,0.0,0.0
Mowasalat Hybrid Solar Charging Station - LTS Building,2025-11-25,23:30,0.32,0.0,0.0
Mowasalat Hybrid Solar Charging Station - LTS Building,2025-11-25,23:00,0.32,0.0,0.0
Mowasalat Hybrid Solar Charging Station - LTS Building,2025-11-25,22:30,0.32,0.0,0.0
Mowasalat Hybrid Solar Charging Station - LTS Building,2025-11-25,22:00,0.32,0.0,0.0
Mowasalat Hybrid Solar Charging Station - LTS Building,2025-11-25,21:30,0.32,0.0,0.0
Mowasalat Hybrid Solar Charging Station - LTS Building,2025-11-25,21:00,0.32,0.0,0.0
Mowasalat Hybrid Solar Charging Station - LTS Building,2025-11-25,20:30,0.32,0.0,0.0
Mowasalat Hybrid Solar Charging Station - LTS Building,2025-11-25,20:00,0.32,0.0,0.0
Mowasalat Hybrid Solar Charging Station - LTS Building,2025-11-25,19:30,0.32,0.0,0.0
Mowasalat Hybrid Solar Charging Station - LTS Building,2025-11-25,19:00,0.32,0.0,0.0
Mowasalat Hybrid Solar Charging Station - LTS Building,2025-11-25,18:30,0.32,0.0,0.0
Mowasalat Hybrid Solar Charging Station - LTS Building,2025-11-25,18:00,0.32,0.0,0.0
Mowasalat Hybrid Solar Charging Station - LTS Building,2025-11-25,17:30,0.32,0.0,0.0
Mowasalat Hybrid Solar Charging Station - LTS Building,2025-11-25,17:00,0.32,0.0,0.0
Mowasalat Hybrid Solar Charging Station - LTS Building,2025-11-25,16:30,0.32,0.0,0.0
Mowasalat Hybrid Solar Charging Station - LTS Building,2025-11-25,16:00,0.32,0.0105,0.0034
Mowasalat Hybrid Solar Charging Station - LTS Building,2025-11-25,15:30,0.32,0.2283,0.0731
Mowasalat Hybrid Solar Charging Station - LTS Building,2025-11-25,15:00,0.32,0.4848,0.1551
Mowasalat Hybrid Solar Charging Station - LTS Building,2025-11-25,14:30,0.32,0.8688,0.278
Mowasalat Hybrid Solar Charging Station - LTS Building,2025-11-25,14:00,0.32,1.2575,0.4024
Mowasalat Hybrid Solar Charging Station - LTS Building,2025-11-25,13:30,0.32,1.5857,0.5074
Mowasalat Hybrid Solar Charging Station - LTS Building,2025-11-25,13:00,0.32,1.9098,0.6111
Mowasalat Hybrid Solar Charging Station - LTS Building,2025-11-25,12:30,0.32,2.1458,0.6867
Mowasalat Hybrid Solar Charging Station - LTS Building,2025-11-25,12:00,0.32,2.3386,0.7484
Mowasalat Hybrid Solar Charging Station - LTS Building,2025-11-25,11:30,0.32,2.4197,0.7743
Mowasalat Hybrid Solar Charging Station - LTS Building,2025-11-25,11:00,0.32,2.4799,0.7936
Mowasalat Hybrid Solar Charging Station - LTS Building,2025-11-25,10:00,0.32,2.3257,0.7442
Mowasalat Hybrid Solar Charging Station - LTS Building,2025-11-25,09:30,0.32,2.1893,0.7006
Mowasalat Hybrid Solar Charging Station - LTS Building,2025-11-25,09:00,0.32,1.9469,0.623
Mowasalat Hybrid Solar Charging Station - LTS Building,2025-11-25,08:30,0.32,1.6707,0.5346
Mowasalat Hybrid Solar Charging Station - LTS Building,2025-11-25,08:00,0.32,1.2836,0.4108
Mowasalat Hybrid Solar Charging Station - LTS Building,2025-11-25,07:30,0.32,0.6979,0.2233
Mowasalat Hybrid Solar Charging Station - LTS Building,2025-11-25,07:00,0.32,0.2122,0.0679
Mowasalat Hybrid Solar Charging Station - LTS Building,2025-11-25,06:30,0.32,0.0679,0.0217
Mowasalat Hybrid Solar Charging Station - LTS Building,2025-11-25,06:00,0.32,0.0,0.0
Mowasalat Hybrid Solar Charging Station - LTS Building,2025-11-25,05:30,0.32,0.0,0.0
Mowasalat Hybrid Solar Charging Station - LTS Building,2025-11-25,05:00,0.32,0.0,0.0
Mowasalat Hybrid Solar Charging Station - LTS Building,2025-11-25,04:30,0.32,0.0,0.0
Mowasalat Hybrid Solar Charging Station - LTS Building,2025-11-25,04:00,0.32,0.0,0.0
Mowasalat Hybrid Solar Charging Station - LTS Building,2025-11-25,03:30,0.32,0.0,0.0
Mowasalat Hybrid Solar Charging Station - LTS Building,2025-11-25,03:00,0.32,0.0,0.0
Mowasalat Hybrid Solar Charging Station - LTS Building,2025-11-25,02:30,0.32,0.0,0.0
Mowasalat Hybrid Solar Charging Station - LTS Building,2025-11-25,02:00,0.32,0.0,0.0
Mowasalat Hybrid Solar Charging Station - LTS Building,2025-11-25,01:30,0.32,0.0,0.0
Mowasalat Hybrid Solar Charging Station - LTS Building,2025-11-25,01:00,0.32,0.0,0.0
Mowasalat Hybrid Solar Charging Station - LTS Building,2025-11-25,00:30,0.32,0.0,0.0
Mowasalat Hybrid Solar Charging Station - LTS Building,2025-11-25,00:00,0.32,0.0,0.0
Mowasalat Hybrid Solar Charging Station - LTS Building,2025-11-24,23:30,0.32,0.0,0.0
Mowasalat Hybrid Solar Charging Station - LTS Building,2025-11-24,23:00,0.32,0.0,0.0
Mowasalat Hybrid Solar Charging Station - LTS Building,2025-11-24,22:30,0.32,0.0,0.0
Mowasalat Hybrid Solar Charging Station - LTS Building,2025-11-24,22:00,0.32,0.0,0.0
Mowasalat Hybrid Solar Charging Station - LTS Building,2025-11-24,21:30,0.32,0.0,0.0
Mowasalat Hybrid Solar Charging Station - LTS Building,2025-11-24,21:00,0.32,0.0,0.0
Mowasalat Hybrid Solar Charging Station - LTS Building,2025-11-24,20:30,0.32,0.0,0.0
Mowasalat Hybrid Solar Charging Station - LTS Building,2025-11-24,20:00,0.32,0.0,0.0
Mowasalat Hybrid Solar Charging Station - LTS Building,2025-11-24,19:30,0.32,0.0,0.0
Mowasalat Hybrid Solar Charging Station - LTS Building,2025-11-24,19:00,0.32,0.0,0.0
Mowasalat Hybrid Solar Charging Station - LTS Building,2025-11-24,18:30,0.32,0.0,0.0
Mowasalat Hybrid Solar Charging Station - LTS Building,2025-11-24,18:00,0.32,0.0,0.0
Mowasalat Hybrid Solar Charging Station - LTS Building,2025-11-24,17:30,0.32,0.0,0.0
Mowasalat Hybrid Solar Charging Station - LTS Building,2025-11-24,17:00,0.32,0.0,0.0
Mowasalat Hybrid Solar Charging Station - LTS Building,2025-11-24,16:30,0.32,0.0,0.0
Mowasalat Hybrid Solar Charging Station - LTS Building,2025-11-24,16:00,0.32,0.0989,0.0316
Mowasalat Hybrid Solar Charging Station - LTS Building,2025-11-24,15:30,0.32,0.2776,0.0888
Mowasalat Hybrid Solar Charging Station - LTS Building,2025-11-24,15:00,0.32,0.5462,0.1748
Mowasalat Hybrid Solar Charging Station - LTS Building,2025-11-24,14:30,0.32,0.9104,0.2913
Mowasalat Hybrid Solar Charging Station - LTS Building,2025-11-24,14:00,0.32,1.2865,0.4117
Mowasalat Hybrid Solar Charging Station - LTS Building,2025-11-24,13:30,0.32,1.6147,0.5167
Mowasalat Hybrid Solar Charging Station - LTS Building,2025-11-24,13:00,0.32,1.5709,0.5027
Mowasalat Hybrid Solar Charging Station - LTS Building,2025-11-24,12:30,0.32,2.4983,0.7995
Mowasalat Hybrid Solar Charging Station - LTS Building,2025-11-24,11:30,0.32,2.4637,0.7884
Mowasalat Hybrid Solar Charging Station - LTS Building,2025-11-24,11:00,0.32,2.4903,0.7969
Mowasalat Hybrid Solar Charging Station - LTS Building,2025-11-24,10:30,0.32,2.4965,0.7989
Mowasalat Hybrid Solar Charging Station - LTS Building,2025-11-24,10:00,0.32,2.4247,0.7759
Mowasalat Hybrid Solar Charging Station - LTS Building,2025-11-24,09:30,0.32,2.2763,0.7284
Mowasalat Hybrid Solar Charging Station - LTS Building,2025-11-24,09:00,0.32,2.0117,0.6437
Mowasalat Hybrid Solar Charging Station - LTS Building,2025-11-24,08:30,0.32,1.7204,0.5505
Mowasalat Hybrid Solar Charging Station - LTS Building,2025-11-24,08:00,0.32,1.3454,0.4305
Mowasalat Hybrid Solar Charging Station - LTS Building,2025-11-24,07:30,0.32,0.9718,0.311
Mowasalat Hybrid Solar Charging Station - LTS Building,2025-11-24,07:00,0.32,0.6867,0.2197
Mowasalat Hybrid Solar Charging Station - LTS Building,2025-11-24,06:30,0.32,0.1601,0.0512
Mowasalat Hybrid Solar Charging Station - LTS Building,2025-11-24,06:00,0.32,0.0,0.0
Mowasalat Hybrid Solar Charging Station - LTS Building,2025-11-24,05:30,0.32,0.0,0.0
Mowasalat Hybrid Solar Charging Station - LTS Building,2025-11-24,05:00,0.32,0.0,0.0
Mowasalat Hybrid Solar Charging Station - LTS Building,2025-11-24,04:30,0.32,0.0,0.0
Mowasalat Hybrid Solar Charging Station - LTS Building,2025-11-24,04:00,0.32,0.0,0.0
Mowasalat Hybrid Solar Charging Station - LTS Building,2025-11-24,03:30,0.32,0.0,0.0
Mowasalat Hybrid Solar Charging Station - LTS Building,2025-11-24,03:00,0.32,0.0,0.0
Mowasalat Hybrid Solar Charging Station - LTS Building,2025-11-24,02:30,0.32,0.0,0.0
Mowasalat Hybrid Solar Charging Station - LTS Building,2025-11-24,02:00,0.32,0.0,0.0
Mowasalat Hybrid Solar Charging Station - LTS Building,2025-11-24,01:30,0.32,0.0,0.0
Mowasalat Hybrid Solar Charging Station - LTS Building,2025-11-24,01:00,0.32,0.0,0.0
Mowasalat Hybrid Solar Charging Station - LTS Building,2025-11-24,00:30,0.32,0.0,0.0
Mowasalat Hybrid Solar Charging Station - LTS Building,2025-11-24,00:00,0.32,0.0,0.0
Mowasalat Hybrid Solar Charging Station - LTS Building,2025-11-23,23:30,0.32,0.0,0.0
Mowasalat Hybrid Solar Charging Station - LTS Building,2025-11-23,23:00,0.32,0.0,0.0
Mowasalat Hybrid Solar Charging Station - LTS Building,2025-11-23,22:30,0.32,0.0,0.0
Mowasalat Hybrid Solar Charging Station - LTS Building,2025-11-23,22:00,0.32,0.0,0.0
Mowasalat Hybrid Solar Charging Station - LTS Building,2025-11-23,21:30,0.32,0.0,0.0
Mowasalat Hybrid Solar Charging Station - LTS Building,2025-11-23,21:00,0.32,0.0,0.0
Mowasalat Hybrid Solar Charging Station - LTS Building,2025-11-23,20:30,0.32,0.0,0.0
Mowasalat Hybrid Solar Charging Station - LTS Building,2025-11-23,20:00,0.32,0.0,0.0
Mowasalat Hybrid Solar Charging Station - LTS Building,2025-11-23,19:30,0.32,0.0,0.0
Mowasalat Hybrid Solar Charging Station - LTS Building,2025-11-23,19:00,0.32,0.0,0.0
Mowasalat Hybrid Solar Charging Station - LTS Building,2025-11-23,18:30,0.32,0.0,0.0
Mowasalat Hybrid Solar Charging Station - LTS Building,2025-11-23,18:00,0.32,0.0,0.0
Mowasalat Hybrid Solar Charging Station - LTS Building,2025-11-23,17:30,0.32,0.0,0.0
Mowasalat Hybrid Solar Charging Station - LTS Building,2025-11-23,17:00,0.32,0.0,0.0
Mowasalat Hybrid Solar Charging Station - LTS Building,2025-11-23,16:30,0.32,0.0,0.0
Mowasalat Hybrid Solar Charging Station - LTS Building,2025-11-23,16:00,0.32,0.00090,0.00030
Mowasalat Hybrid Solar Charging Station - LTS Building,2025-11-23,15:30,0.32,0.1462,0.0468
Mowasalat Hybrid Solar Charging Station - LTS Building,2025-11-23,15:00,0.32,0.4721,0.1511
Mowasalat Hybrid Solar Charging Station - LTS Building,2025-11-23,14:30,0.32,0.7474,0.2392
Mowasalat Hybrid Solar Charging Station - LTS Building,2025-11-23,14:00,0.32,0.4816,0.1541
Mowasalat Hybrid Solar Charging Station - LTS Building,2025-11-23,13:30,0.32,1.2172,0.3895
Mowasalat Hybrid Solar Charging Station - LTS Building,2025-11-23,13:00,0.32,1.854,0.5933
Mowasalat Hybrid Solar Charging Station - LTS Building,2025-11-23,12:30,0.32,1.7778,0.5689
Mowasalat Hybrid Solar Charging Station - LTS Building,2025-11-23,12:00,0.32,2.0311,0.65
Mowasalat Hybrid Solar Charging Station - LTS Building,2025-11-23,11:30,0.32,2.1429,0.6857
Mowasalat Hybrid Solar Charging Station - LTS Building,2025-11-23,11:00,0.32,2.2089,0.7068
Mowasalat Hybrid Solar Charging Station - LTS Building,2025-11-23,10:30,0.32,2.3333,0.7467
Mowasalat Hybrid Solar Charging Station - LTS Building,2025-11-23,10:00,0.32,2.2409,0.7171
Mowasalat Hybrid Solar Charging Station - LTS Building,2025-11-23,09:30,0.32,2.1123,0.6759
Mowasalat Hybrid Solar Charging Station - LTS Building,2025-11-23,09:00,0.32,1.9169,0.6134
Mowasalat Hybrid Solar Charging Station - LTS Building,2025-11-23,08:30,0.32,1.6002,0.5121
Mowasalat Hybrid Solar Charging Station - LTS Building,2025-11-23,08:00,0.32,1.2989,0.4156
Mowasalat Hybrid Solar Charging Station - LTS Building,2025-11-23,07:30,0.32,0.8865,0.2837
Mowasalat Hybrid Solar Charging Station - LTS Building,2025-11-23,07:00,0.32,0.3685,0.1179
Mowasalat Hybrid Solar Charging Station - LTS Building,2025-11-23,06:30,0.32,0.1487,0.0476
Mowasalat Hybrid Solar Charging Station - LTS Building,2025-11-23,06:00,0.32,0.0,0.0
Mowasalat Hybrid Solar Charging Station - LTS Building,2025-11-23,05:30,0.32,0.0,0.0
Mowasalat Hybrid Solar Charging Station - LTS Building,2025-11-23,05:00,0.32,0.0,0.0
Mowasalat Hybrid Solar Charging Station - LTS Building,2025-11-23,04:30,0.32,0.0,0.0
Mowasalat Hybrid Solar Charging Station - LTS Building,2025-11-23,04:00,0.32,0.0,0.0
Mowasalat Hybrid Solar Charging Station - LTS Building,2025-11-23,03:30,0.32,0.0,0.0
Mowasalat Hybrid Solar Charging Station - LTS Building,2025-11-23,03:00,0.32,0.0,0.0
Mowasalat Hybrid Solar Charging Station - LTS Building,2025-11-23,02:30,0.32,0.0,0.0
Mowasalat Hybrid Solar Charging Station - LTS Building,2025-11-23,02:00,0.32,0.0,0.0
Mowasalat Hybrid Solar Charging Station - LTS Building,2025-11-23,01:30,0.32,0.0,0.0
Mowasalat Hybrid Solar Charging Station - LTS Building,2025-11-23,01:00,0.32,0.0,0.0
Mowasalat Hybrid Solar Charging Station - LTS Building,2025-11-23,00:30,0.32,0.0,0.0
Mowasalat Hybrid Solar Charging Station - LTS Building,2025-11-23,00:00,0.32,0.0,0.0
Mowasalat Hybrid Solar Charging Station - LTS Building,2025-11-22,23:30,0.32,0.0,0.0
Mowasalat Hybrid Solar Charging Station - LTS Building,2025-11-22,23:00,0.32,0.0,0.0
Mowasalat Hybrid Solar Charging Station - LTS Building,2025-11-22,22:30,0.32,0.0,0.0
Mowasalat Hybrid Solar Charging Station - LTS Building,2025-11-22,22:00,0.32,0.0,0.0
Mowasalat Hybrid Solar Charging Station - LTS Building,2025-11-22,21:30,0.32,0.0,0.0
Mowasalat Hybrid Solar Charging Station - LTS Building,2025-11-22,21:00,0.32,0.0,0.0
Mowasalat Hybrid Solar Charging Station - LTS Building,2025-11-22,20:30,0.32,0.0,0.0
Mowasalat Hybrid Solar Charging Station - LTS Building,2025-11-22,20:00,0.32,0.0,0.0
Mowasalat Hybrid Solar Charging Station - LTS Building,2025-11-22,19:30,0.32,0.0,0.0
Mowasalat Hybrid Solar Charging Station - LTS Building,2025-11-22,19:00,0.32,0.0,0.0
Mowasalat Hybrid Solar Charging Station - LTS Building,2025-11-22,18:30,0.32,0.0,0.0
Mowasalat Hybrid Solar Charging Station - LTS Building,2025-11-22,18:00,0.32,0.0,0.0
Mowasalat Hybrid Solar Charging Station - LTS Building,2025-11-22,17:30,0.32,0.0,0.0
Mowasalat Hybrid Solar Charging Station - LTS Building,2025-11-22,17:00,0.32,0.0,0.0
Mowasalat Hybrid Solar Charging Station - LTS Building,2025-11-22,16:30,0.32,0.0,0.0
Mowasalat Hybrid Solar Charging Station - LTS Building,2025-11-22,16:00,0.32,0.0554,0.0177
Mowasalat Hybrid Solar Charging Station - LTS Building,2025-11-22,15:30,0.32,0.3137,0.1004
Mowasalat Hybrid Solar Charging Station - LTS Building,2025-11-22,15:00,0.32,0.647,0.207
Mowasalat Hybrid Solar Charging Station - LTS Building,2025-11-22,14:30,0.32,0.9876,0.316
Mowasalat Hybrid Solar Charging Station - LTS Building,2025-11-22,14:00,0.32,1.4072,0.4503
Mowasalat Hybrid Solar Charging Station - LTS Building,2025-11-22,13:30,0.32,1.7841,0.5709
Mowasalat Hybrid Solar Charging Station - LTS Building,2025-11-22,13:00,0.32,2.127,0.6806
Mowasalat Hybrid Solar Charging Station - LTS Building,2025-11-22,12:30,0.32,2.398,0.7674
Mowasalat Hybrid Solar Charging Station - LTS Building,2025-11-22,12:00,0.32,2.6139,0.8364
Mowasalat Hybrid Solar Charging Station - LTS Building,2025-11-22,11:30,0.32,2.7437,0.878
Mowasalat Hybrid Solar Charging Station - LTS Building,2025-11-22,11:00,0.32,2.8038,0.8972
Mowasalat Hybrid Solar Charging Station - LTS Building,2025-11-22,10:30,0.32,2.7993,0.8958
Mowasalat Hybrid Solar Charging Station - LTS Building,2025-11-22,10:00,0.32,2.7014,0.8644
Mowasalat Hybrid Solar Charging Station - LTS Building,2025-11-22,09:30,0.32,2.5318,0.8102
Mowasalat Hybrid Solar Charging Station - LTS Building,2025-11-22,09:00,0.32,2.296,0.7347
Mowasalat Hybrid Solar Charging Station - LTS Building,2025-11-22,08:30,0.32,1.9699,0.6304
Mowasalat Hybrid Solar Charging Station - LTS Building,2025-11-22,08:00,0.32,1.514,0.4845
Mowasalat Hybrid Solar Charging Station - LTS Building,2025-11-22,07:30,0.32,1.0233,0.3275
Mowasalat Hybrid Solar Charging Station - LTS Building,2025-11-22,07:00,0.32,0.6025,0.1928
Mowasalat Hybrid Solar Charging Station - LTS Building,2025-11-22,06:30,0.32,0.2029,0.0649
Mowasalat Hybrid Solar Charging Station - LTS Building,2025-11-22,06:00,0.32,0.0072,0.0023
Mowasalat Hybrid Solar Charging Station - LTS Building,2025-11-22,05:30,0.32,0.0,0.0
Mowasalat Hybrid Solar Charging Station - LTS Building,2025-11-22,05:00,0.32,0.0,0.0
Mowasalat Hybrid Solar Charging Station - LTS Building,2025-11-22,04:30,0.32,0.0,0.0
Mowasalat Hybrid Solar Charging Station - LTS Building,2025-11-22,04:00,0.32,0.0,0.0
Mowasalat Hybrid Solar Charging Station - LTS Building,2025-11-22,03:30,0.32,0.0,0.0
Mowasalat Hybrid Solar Charging Station - LTS Building,2025-11-22,03:00,0.32,0.0,0.0
Mowasalat Hybrid Solar Charging Station - LTS Building,2025-11-22,02:30,0.32,0.0,0.0
Mowasalat Hybrid Solar Charging Station - LTS Building,2025-11-22,02:00,0.32,0.0,0.0
Mowasalat Hybrid Solar Charging Station - LTS Building,2025-11-22,01:30,0.32,0.0,0.0
Mowasalat Hybrid Solar Charging Station - LTS Building,2025-11-22,01:00,0.32,0.0,0.0
Mowasalat Hybrid Solar Charging Station - LTS Building,2025-11-22,00:30,0.32,0.0,0.0
Mowasalat Hybrid Solar Charging Station - LTS Building,2025-11-22,00:00,0.32,0.0,0.0
Mowasalat Hybrid Solar Charging Station - LTS Building,2025-11-21,23:30,0.32,0.0,0.0
Mowasalat Hybrid Solar Charging Station - LTS Building,2025-11-21,23:00,0.32,0.0,0.0
Mowasalat Hybrid Solar Charging Station - LTS Building,2025-11-21,22:30,0.32,0.0,0.0
Mowasalat Hybrid Solar Charging Station - LTS Building,2025-11-21,22:00,0.32,0.0,0.0
Mowasalat Hybrid Solar Charging Station - LTS Building,2025-11-21,21:30,0.32,0.0,0.0
Mowasalat Hybrid Solar Charging Station - LTS Building,2025-11-21,21:00,0.32,0.0,0.0
Mowasalat Hybrid Solar Charging Station - LTS Building,2025-11-21,20:30,0.32,0.0,0.0
Mowasalat Hybrid Solar Charging Station - LTS Building,2025-11-21,20:00,0.32,0.0,0.0
Mowasalat Hybrid Solar Charging Station - LTS Building,2025-11-21,19:30,0.32,0.0,0.0
Mowasalat Hybrid Solar Charging Station - LTS Building,2025-11-21,19:00,0.32,0.0,0.0
Mowasalat Hybrid Solar Charging Station - LTS Building,2025-11-21,18:30,0.32,0.0,0.0
Mowasalat Hybrid Solar Charging Station - LTS Building,2025-11-21,18:00,0.32,0.0,0.0
Mowasalat Hybrid Solar Charging Station - LTS Building,2025-11-21,17:30,0.32,0.0,0.0
Mowasalat Hybrid Solar Charging Station - LTS Building,2025-11-21,17:00,0.32,0.0,0.0
Mowasalat Hybrid Solar Charging Station - LTS Building,2025-11-21,16:30,0.32,0.0,0.0
Mowasalat Hybrid Solar Charging Station - LTS Building,2025-11-21,16:00,0.32,0.0251,0.008
Mowasalat Hybrid Solar Charging Station - LTS Building,2025-11-21,15:30,0.32,0.3009,0.0963
Mowasalat Hybrid Solar Charging Station - LTS Building,2025-11-21,15:00,0.32,0.7035,0.2251
Mowasalat Hybrid Solar Charging Station - LTS Building,2025-11-21,14:30,0.32,1.1003,0.3521
Mowasalat Hybrid Solar Charging Station - LTS Building,2025-11-21,14:00,0.32,1.495,0.4784
Mowasalat Hybrid Solar Charging Station - LTS Building,2025-11-21,13:30,0.32,1.8342,0.5869
Mowasalat Hybrid Solar Charging Station - LTS Building,2025-11-21,13:00,0.32,2.1275,0.6808
Mowasalat Hybrid Solar Charging Station - LTS Building,2025-11-21,12:30,0.32,2.4028,0.7689
Mowasalat Hybrid Solar Charging Station - LTS Building,2025-11-21,12:00,0.32,2.5521,0.8167
Mowasalat Hybrid Solar Charging Station - LTS Building,2025-11-21,11:30,0.32,2.733,0.8746
Mowasalat Hybrid Solar Charging Station - LTS Building,2025-11-21,11:00,0.32,2.7987,0.8956
Mowasalat Hybrid Solar Charging Station - LTS Building,2025-11-21,10:30,0.32,2.7591,0.8829
Mowasalat Hybrid Solar Charging Station - LTS Building,2025-11-21,10:00,0.32,2.6455,0.8466
Mowasalat Hybrid Solar Charging Station - LTS Building,2025-11-21,09:30,0.32,2.5119,0.8038
Mowasalat Hybrid Solar Charging Station - LTS Building,2025-11-21,09:00,0.32,2.2472,0.7191
Mowasalat Hybrid Solar Charging Station - LTS Building,2025-11-21,08:30,0.32,1.8912,0.6052
Mowasalat Hybrid Solar Charging Station - LTS Building,2025-11-21,08:00,0.32,1.5152,0.4849
Mowasalat Hybrid Solar Charging Station - LTS Building,2025-11-21,07:30,0.32,1.0834,0.3467
Mowasalat Hybrid Solar Charging Station - LTS Building,2025-11-21,07:00,0.32,0.5203,0.1665
Mowasalat Hybrid Solar Charging Station - LTS Building,2025-11-21,06:30,0.32,0.1672,0.0535
Mowasalat Hybrid Solar Charging Station - LTS Building,2025-11-21,06:00,0.32,0.0053,0.0017
Mowasalat Hybrid Solar Charging Station - LTS Building,2025-11-21,05:30,0.32,0.0,0.0
Mowasalat Hybrid Solar Charging Station - LTS Building,2025-11-21,05:00,0.32,0.0,0.0
Mowasalat Hybrid Solar Charging Station - LTS Building,2025-11-21,04:00,0.32,0.0,0.0
Mowasalat Hybrid Solar Charging Station - LTS Building,2025-11-21,03:30,0.32,0.0,0.0
Mowasalat Hybrid Solar Charging Station - LTS Building,2025-11-21,03:00,0.32,0.0,0.0
Mowasalat Hybrid Solar Charging Station - LTS Building,2025-11-21,02:30,0.32,0.0,0.0
Mowasalat Hybrid Solar Charging Station - LTS Building,2025-11-21,02:00,0.32,0.0,0.0
Mowasalat Hybrid Solar Charging Station - LTS Building,2025-11-21,01:30,0.32,0.0,0.0
Mowasalat Hybrid Solar Charging Station - LTS Building,2025-11-21,01:00,0.32,0.0,0.0
Mowasalat Hybrid Solar Charging Station - LTS Building,2025-11-21,00:30,0.32,0.0,0.0
Mowasalat Hybrid Solar Charging Station - LTS Building,2025-11-21,00:00,0.32,0.0,0.0
Mowasalat Hybrid Solar Charging Station - LTS Building,2025-11-20,23:30,0.32,0.0,0.0
Mowasalat Hybrid Solar Charging Station - LTS Building,2025-11-20,23:00,0.32,0.0,0.0
Mowasalat Hybrid Solar Charging Station - LTS Building,2025-11-20,22:30,0.32,0.0,0.0
Mowasalat Hybrid Solar Charging Station - LTS Building,2025-11-20,22:00,0.32,0.0,0.0
Mowasalat Hybrid Solar Charging Station - LTS Building,2025-11-20,21:30,0.32,0.0,0.0
Mowasalat Hybrid Solar Charging Station - LTS Building,2025-11-20,21:00,0.32,0.0,0.0
Mowasalat Hybrid Solar Charging Station - LTS Building,2025-11-20,20:30,0.32,0.0,0.0
Mowasalat Hybrid Solar Charging Station - LTS Building,2025-11-20,20:00,0.32,0.0,0.0
Mowasalat Hybrid Solar Charging Station - LTS Building,2025-11-20,19:30,0.32,0.0,0.0
Mowasalat Hybrid Solar Charging Station - LTS Building,2025-11-20,19:00,0.32,0.0,0.0
Mowasalat Hybrid Solar Charging Station - LTS Building,2025-11-20,18:30,0.32,0.0,0.0
Mowasalat Hybrid Solar Charging Station - LTS Building,2025-11-20,18:00,0.32,0.0,0.0
Mowasalat Hybrid Solar Charging Station - LTS Building,2025-11-20,17:30,0.32,0.0,0.0
Mowasalat Hybrid Solar Charging Station - LTS Building,2025-11-20,17:00,0.32,0.0,0.0
Mowasalat Hybrid Solar Charging Station - LTS Building,2025-11-20,16:30,0.32,0.0,0.0
Mowasalat Hybrid Solar Charging Station - LTS Building,2025-11-20,16:00,0.32,0.0219,0.007
Mowasalat Hybrid Solar Charging Station - LTS Building,2025-11-20,15:30,0.32,0.2362,0.0756
Mowasalat Hybrid Solar Charging Station - LTS Building,2025-11-20,15:00,0.32,0.5768,0.1846
Mowasalat Hybrid Solar Charging Station - LTS Building,2025-11-20,14:30,0.32,1.0284,0.3291
Mowasalat Hybrid Solar Charging Station - LTS Building,2025-11-20,14:00,0.32,1.4273,0.4567
Mowasalat Hybrid Solar Charging Station - LTS Building,2025-11-20,13:30,0.32,1.8037,0.5772
Mowasalat Hybrid Solar Charging Station - LTS Building,2025-11-20,13:00,0.32,2.1356,0.6834
Mowasalat Hybrid Solar Charging Station - LTS Building,2025-11-20,12:30,0.32,2.4066,0.7701
Mowasalat Hybrid Solar Charging Station - LTS Building,2025-11-20,12:00,0.32,2.5884,0.8283
Mowasalat Hybrid Solar Charging Station - LTS Building,2025-11-20,11:30,0.32,2.714,0.8685
Mowasalat Hybrid Solar Charging Station - LTS Building,2025-11-20,11:00,0.32,2.7754,0.8881
Mowasalat Hybrid Solar Charging Station - LTS Building,2025-11-20,10:30,0.32,2.7702,0.8865
Mowasalat Hybrid Solar Charging Station - LTS Building,2025-11-20,10:00,0.32,2.6705,0.8546
Mowasalat Hybrid Solar Charging Station - LTS Building,2025-11-20,09:30,0.32,6.3284,2.0251
Mowasalat Hybrid Solar Charging Station - LTS Building,2025-11-20,09:00,0.32,0.0,0.0
Mowasalat Hybrid Solar Charging Station - LTS Building,2025-11-20,08:00,0.32,1.5147,0.4847
Mowasalat Hybrid Solar Charging Station - LTS Building,2025-11-20,07:30,0.32,1.0287,0.3292
Mowasalat Hybrid Solar Charging Station - LTS Building,2025-11-20,07:00,0.32,0.4764,0.1524
Mowasalat Hybrid Solar Charging Station - LTS Building,2025-11-20,06:00,0.32,0.0084,0.0027
Mowasalat Hybrid Solar Charging Station - LTS Building,2025-11-20,05:30,0.32,0.0,0.0
Mowasalat Hybrid Solar Charging Station - LTS Building,2025-11-20,05:00,0.32,0.0,0.0
Mowasalat Hybrid Solar Charging Station - LTS Building,2025-11-20,04:30,0.32,0.0,0.0
Mowasalat Hybrid Solar Charging Station - LTS Building,2025-11-20,04:00,0.32,0.0,0.0
Mowasalat Hybrid Solar Charging Station - LTS Building,2025-11-20,03:30,0.32,0.0,0.0
Mowasalat Hybrid Solar Charging Station - LTS Building,2025-11-20,03:00,0.32,0.0,0.0
Mowasalat Hybrid Solar Charging Station - LTS Building,2025-11-20,02:30,0.32,0.0,0.0
Mowasalat Hybrid Solar Charging Station - LTS Building,2025-11-20,02:00,0.32,0.0,0.0
Mowasalat Hybrid Solar Charging Station - LTS Building,2025-11-20,01:30,0.32,0.0,0.0
Mowasalat Hybrid Solar Charging Station - LTS Building,2025-11-20,01:00,0.32,0.0,0.0
Mowasalat Hybrid Solar Charging Station - LTS Building,2025-11-20,00:30,0.32,0.0,0.0
Mowasalat Hybrid Solar Charging Station - LTS Building,2025-11-20,00:00,0.32,0.0,0.0
Mowasalat Hybrid Solar Charging Station - LTS Building,2025-11-19,23:30,0.32,0.0,0.0
Mowasalat Hybrid Solar Charging Station - LTS Building,2025-11-19,23:00,0.32,0.0,0.0
Mowasalat Hybrid Solar Charging Station - LTS Building,2025-11-19,22:30,0.32,0.0,0.0
Mowasalat Hybrid Solar Charging Station - LTS Building,2025-11-19,22:00,0.32,0.0,0.0
Mowasalat Hybrid Solar Charging Station - LTS Building,2025-11-19,21:30,0.32,0.0,0.0
Mowasalat Hybrid Solar Charging Station - LTS Building,2025-11-19,21:00,0.32,0.0,0.0
Mowasalat Hybrid Solar Charging Station - LTS Building,2025-11-19,20:30,0.32,0.0,0.0
Mowasalat Hybrid Solar Charging Station - LTS Building,2025-11-19,20:00,0.32,0.0,0.0
Mowasalat Hybrid Solar Charging Station - LTS Building,2025-11-19,19:30,0.32,0.0,0.0
Mowasalat Hybrid Solar Charging Station - LTS Building,2025-11-19,19:00,0.32,0.0,0.0
Mowasalat Hybrid Solar Charging Station - LTS Building,2025-11-19,18:30,0.32,0.0,0.0
Mowasalat Hybrid Solar Charging Station - LTS Building,2025-11-19,18:00,0.32,0.0,0.0
Mowasalat Hybrid Solar Charging Station - LTS Building,2025-11-19,17:30,0.32,0.0,0.0
Mowasalat Hybrid Solar Charging Station - LTS Building,2025-11-19,17:00,0.32,0.0,0.0
Mowasalat Hybrid Solar Charging Station - LTS Building,2025-11-19,16:30,0.32,0.0,0.0
Mowasalat Hybrid Solar Charging Station - LTS Building,2025-11-19,16:00,0.32,0.0272,0.0087
Mowasalat Hybrid Solar Charging Station - LTS Building,2025-11-19,15:30,0.32,0.2332,0.0746
Mowasalat Hybrid Solar Charging Station - LTS Building,2025-11-19,15:00,0.32,0.6082,0.1946
Mowasalat Hybrid Solar Charging Station - LTS Building,2025-11-19,14:30,0.32,1.0032,0.321
Mowasalat Hybrid Solar Charging Station - LTS Building,2025-11-19,14:00,0.32,1.4094,0.451
Mowasalat Hybrid Solar Charging Station - LTS Building,2025-11-19,13:30,0.32,1.7899,0.5728
Mowasalat Hybrid Solar Charging Station - LTS Building,2025-11-19,13:00,0.32,2.0987,0.6716
Mowasalat Hybrid Solar Charging Station - LTS Building,2025-11-19,12:30,0.32,2.3939,0.766
Mowasalat Hybrid Solar Charging Station - LTS Building,2025-11-19,12:00,0.32,2.598,0.8314
Mowasalat Hybrid Solar Charging Station - LTS Building,2025-11-19,11:30,0.32,2.7745,0.8878
Mowasalat Hybrid Solar Charging Station - LTS Building,2025-11-19,11:00,0.32,2.8427,0.9097
Mowasalat Hybrid Solar Charging Station - LTS Building,2025-11-19,10:30,0.32,2.843,0.9098
Mowasalat Hybrid Solar Charging Station - LTS Building,2025-11-19,10:00,0.32,2.7197,0.8703
Mowasalat Hybrid Solar Charging Station - LTS Building,2025-11-19,09:30,0.32,2.5881,0.8282
Mowasalat Hybrid Solar Charging Station - LTS Building,2025-11-19,09:00,0.32,2.3197,0.7423
Mowasalat Hybrid Solar Charging Station - LTS Building,2025-11-19,08:30,0.32,2.0127,0.6441
Mowasalat Hybrid Solar Charging Station - LTS Building,2025-11-19,08:00,0.32,1.6377,0.5241
Mowasalat Hybrid Solar Charging Station - LTS Building,2025-11-19,07:30,0.32,1.1412,0.3652
Mowasalat Hybrid Solar Charging Station - LTS Building,2025-11-19,07:00,0.32,0.6329,0.2025
Mowasalat Hybrid Solar Charging Station - LTS Building,2025-11-19,06:30,0.32,0.2887,0.0924
Mowasalat Hybrid Solar Charging Station - LTS Building,2025-11-19,06:00,0.32,0.0181,0.0058
Mowasalat Hybrid Solar Charging Station - LTS Building,2025-11-19,05:30,0.32,0.0,0.0
Mowasalat Hybrid Solar Charging Station - LTS Building,2025-11-19,05:00,0.32,0.0,0.0
Mowasalat Hybrid Solar Charging Station - LTS Building,2025-11-19,04:30,0.32,0.0,0.0
Mowasalat Hybrid Solar Charging Station - LTS Building,2025-11-19,04:00,0.32,0.0,0.0
Mowasalat Hybrid Solar Charging Station - LTS Building,2025-11-19,03:30,0.32,0.0,0.0
Mowasalat Hybrid Solar Charging Station - LTS Building,2025-11-19,03:00,0.32,0.0,0.0
Mowasalat Hybrid Solar Charging Station - LTS Building,2025-11-19,02:30,0.32,0.0,0.0
Mowasalat Hybrid Solar Charging Station - LTS Building,2025-11-19,02:00,0.32,0.0,0.0
Mowasalat Hybrid Solar Charging Station - LTS Building,2025-11-19,01:30,0.32,0.0,0.0
Mowasalat Hybrid Solar Charging Station - LTS Building,2025-11-19,01:00,0.32,0.0,0.0
Mowasalat Hybrid Solar Charging Station - LTS Building,2025-11-19,00:30,0.32,0.0,0.0
Mowasalat Hybrid Solar Charging Station - LTS Building,2025-11-19,00:00,0.32,0.0,0.0
Mowasalat Hybrid Solar Charging Station - LTS Building,2025-11-18,23:30,0.32,0.0,0.0
Mowasalat Hybrid Solar Charging Station - LTS Building,2025-11-18,23:00,0.32,0.0,0.0
Mowasalat Hybrid Solar Charging Station - LTS Building,2025-11-18,22:30,0.32,0.0,0.0
Mowasalat Hybrid Solar Charging Station - LTS Building,2025-11-18,22:00,0.32,0.0,0.0
Mowasalat Hybrid Solar Charging Station - LTS Building,2025-11-18,21:30,0.32,0.0,0.0
Mowasalat Hybrid Solar Charging Station - LTS Building,2025-11-18,21:00,0.32,0.0,0.0
Mowasalat Hybrid Solar Charging Station - LTS Building,2025-11-18,20:30,0.32,0.0,0.0
Mowasalat Hybrid Solar Charging Station - LTS Building,2025-11-18,20:00,0.32,0.0,0.0
Mowasalat Hybrid Solar Charging Station - LTS Building,2025-11-18,19:30,0.32,0.0,0.0
Mowasalat Hybrid Solar Charging Station - LTS Building,2025-11-18,19:00,0.32,0.0,0.0
Mowasalat Hybrid Solar Charging Station - LTS Building,2025-11-18,18:30,0.32,0.0,0.0
Mowasalat Hybrid Solar Charging Station - LTS Building,2025-11-18,18:00,0.32,0.0,0.0
Mowasalat Hybrid Solar Charging Station - LTS Building,2025-11-18,17:30,0.32,0.0,0.0
Mowasalat Hybrid Solar Charging Station - LTS Building,2025-11-18,17:00,0.32,0.0,0.0
Mowasalat Hybrid Solar Charging Station - LTS Building,2025-11-18,16:30,0.32,0.0,0.0
Mowasalat Hybrid Solar Charging Station - LTS Building,2025-11-18,16:00,0.32,0.0577,0.0185
Mowasalat Hybrid Solar Charging Station - LTS Building,2025-11-18,15:30,0.23,0.2653,0.061
Mowasalat Hybrid Solar Charging Station - LTS Building,2025-11-18,15:00,0.23,0.7033,0.1618
Mowasalat Hybrid Solar Charging Station - LTS Building,2025-11-18,14:30,0.23,1.1058,0.2543
Mowasalat Hybrid Solar Charging Station - LTS Building,2025-11-18,14:00,0.23,1.53,0.3519
Mowasalat Hybrid Solar Charging Station - LTS Building,2025-11-18,13:30,0.23,1.9108,0.4395
Mowasalat Hybrid Solar Charging Station - LTS Building,2025-11-18,13:00,0.23,2.2781,0.524
Mowasalat Hybrid Solar Charging Station - LTS Building,2025-11-18,12:30,0.23,2.9793,0.6852
Mowasalat Hybrid Solar Charging Station - LTS Building,2025-11-18,11:30,0.23,2.7969,0.6433
Mowasalat Hybrid Solar Charging Station - LTS Building,2025-11-18,11:00,0.23,2.8456,0.6545
Mowasalat Hybrid Solar Charging Station - LTS Building,2025-11-18,10:30,0.23,2.7855,0.6407
Mowasalat Hybrid Solar Charging Station - LTS Building,2025-11-18,10:00,0.23,2.6924,0.6193
Mowasalat Hybrid Solar Charging Station - LTS Building,2025-11-18,09:30,0.23,2.2466,0.5167
Mowasalat Hybrid Solar Charging Station - LTS Building,2025-11-18,09:00,0.23,2.0476,0.4709
Mowasalat Hybrid Solar Charging Station - LTS Building,2025-11-18,08:30,0.23,1.7866,0.4109
Mowasalat Hybrid Solar Charging Station - LTS Building,2025-11-18,08:00,0.23,1.4746,0.3392
Mowasalat Hybrid Solar Charging Station - LTS Building,2025-11-18,07:30,0.23,1.0315,0.2372
Mowasalat Hybrid Solar Charging Station - LTS Building,2025-11-18,07:00,0.23,0.401,0.0922
Mowasalat Hybrid Solar Charging Station - LTS Building,2025-11-18,06:30,0.23,0.1201,0.0276
Mowasalat Hybrid Solar Charging Station - LTS Building,2025-11-18,06:00,0.23,0.0213,0.0049
Mowasalat Hybrid Solar Charging Station - LTS Building,2025-11-18,05:30,0.23,0.0,0.0
Mowasalat Hybrid Solar Charging Station - LTS Building,2025-11-18,05:00,0.23,0.0,0.0
Mowasalat Hybrid Solar Charging Station - LTS Building,2025-11-18,04:30,0.23,0.0,0.0
Mowasalat Hybrid Solar Charging Station - LTS Building,2025-11-18,04:00,0.23,0.0,0.0
Mowasalat Hybrid Solar Charging Station - LTS Building,2025-11-18,03:30,0.23,0.0,0.0
Mowasalat Hybrid Solar Charging Station - LTS Building,2025-11-18,03:00,0.23,0.0,0.0
Mowasalat Hybrid Solar Charging Station - LTS Building,2025-11-18,02:30,0.23,0.0,0.0
Mowasalat Hybrid Solar Charging Station - LTS Building,2025-11-18,02:00,0.23,0.0,0.0
Mowasalat Hybrid Solar Charging Station - LTS Building,2025-11-18,01:30,0.23,0.0,0.0
Mowasalat Hybrid Solar Charging Station - LTS Building,2025-11-18,01:00,0.23,0.0,0.0
Mowasalat Hybrid Solar Charging Station - LTS Building,2025-11-18,00:30,0.23,0.0,0.0
Mowasalat Hybrid Solar Charging Station - LTS Building,2025-11-18,00:00,0.23,0.0,0.0
Mowasalat Hybrid Solar Charging Station - LTS Building,2025-11-17,23:30,0.23,0.0,0.0
Mowasalat Hybrid Solar Charging Station - LTS Building,2025-11-17,23:00,0.23,0.0,0.0
Mowasalat Hybrid Solar Charging Station - LTS Building,2025-11-17,22:30,0.23,0.0,0.0
Mowasalat Hybrid Solar Charging Station - LTS Building,2025-11-17,22:00,0.23,0.0,0.0
Mowasalat Hybrid Solar Charging Station - LTS Building,2025-11-17,21:30,0.23,0.0,0.0
Mowasalat Hybrid Solar Charging Station - LTS Building,2025-11-17,21:00,0.23,0.0,0.0
Mowasalat Hybrid Solar Charging Station - LTS Building,2025-11-17,20:30,0.23,0.0,0.0
Mowasalat Hybrid Solar Charging Station - LTS Building,2025-11-17,20:00,0.23,0.0,0.0
Mowasalat Hybrid Solar Charging Station - LTS Building,2025-11-17,19:30,0.23,0.0,0.0
Mowasalat Hybrid Solar Charging Station - LTS Building,2025-11-17,19:00,0.23,0.0,0.0
Mowasalat Hybrid Solar Charging Station - LTS Building,2025-11-17,18:30,0.23,0.0,0.0
Mowasalat Hybrid Solar Charging Station - LTS Building,2025-11-17,18:00,0.23,0.0,0.0
Mowasalat Hybrid Solar Charging Station - LTS Building,2025-11-17,17:30,0.23,0.0,0.0
Mowasalat Hybrid Solar Charging Station - LTS Building,2025-11-17,17:00,0.23,0.0,0.0
Mowasalat Hybrid Solar Charging Station - LTS Building,2025-11-17,16:30,0.23,0.0,0.0
Mowasalat Hybrid Solar Charging Station - LTS Building,2025-11-17,16:00,0.23,0.0872,0.0201
Mowasalat Hybrid Solar Charging Station - LTS Building,2025-11-17,15:30,0.23,0.2208,0.0508
Mowasalat Hybrid Solar Charging Station - LTS Building,2025-11-17,15:00,0.23,0.6725,0.1547
Mowasalat Hybrid Solar Charging Station - LTS Building,2025-11-17,14:30,0.23,0.9307,0.2141
Mowasalat Hybrid Solar Charging Station - LTS Building,2025-11-17,14:00,0.23,1.0945,0.2517
Mowasalat Hybrid Solar Charging Station - LTS Building,2025-11-17,13:30,0.23,1.3119,0.3017
Mowasalat Hybrid Solar Charging Station - LTS Building,2025-11-17,13:00,0.23,1.3669,0.3144
Mowasalat Hybrid Solar Charging Station - LTS Building,2025-11-17,12:30,0.23,1.1385,0.2619
Mowasalat Hybrid Solar Charging Station - LTS Building,2025-11-17,12:00,0.23,1.6594,0.3817
Mowasalat Hybrid Solar Charging Station - LTS Building,2025-11-17,11:30,0.23,1.7998,0.414
Mowasalat Hybrid Solar Charging Station - LTS Building,2025-11-17,11:00,0.23,1.8027,0.4146
Mowasalat Hybrid Solar Charging Station - LTS Building,2025-11-17,10:30,0.23,1.9258,0.4429
Mowasalat Hybrid Solar Charging Station - LTS Building,2025-11-17,10:00,0.23,1.7033,0.3918
Mowasalat Hybrid Solar Charging Station - LTS Building,2025-11-17,09:30,0.23,1.9673,0.4525
Mowasalat Hybrid Solar Charging Station - LTS Building,2025-11-17,09:00,0.23,1.3842,0.3184
Mowasalat Hybrid Solar Charging Station - LTS Building,2025-11-17,08:30,0.23,1.8174,0.418
Mowasalat Hybrid Solar Charging Station - LTS Building,2025-11-17,08:00,0.23,1.307,0.3006
Mowasalat Hybrid Solar Charging Station - LTS Building,2025-11-17,07:30,0.23,0.9809,0.2256
Mowasalat Hybrid Solar Charging Station - LTS Building,2025-11-17,07:00,0.23,0.4552,0.1047
Mowasalat Hybrid Solar Charging Station - LTS Building,2025-11-17,06:30,0.23,0.2077,0.0478
Mowasalat Hybrid Solar Charging Station - LTS Building,2025-11-17,06:00,0.23,0.0022,0.00050
Mowasalat Hybrid Solar Charging Station - LTS Building,2025-11-17,05:30,0.23,0.0,0.0
Mowasalat Hybrid Solar Charging Station - LTS Building,2025-11-17,05:00,0.23,0.0,0.0
Mowasalat Hybrid Solar Charging Station - LTS Building,2025-11-17,04:30,0.23,0.0,0.0
Mowasalat Hybrid Solar Charging Station - LTS Building,2025-11-17,04:00,0.23,0.0,0.0
Mowasalat Hybrid Solar Charging Station - LTS Building,2025-11-17,03:30,0.23,0.0,0.0
Mowasalat Hybrid Solar Charging Station - LTS Building,2025-11-17,03:00,0.23,0.0,0.0
Mowasalat Hybrid Solar Charging Station - LTS Building,2025-11-17,02:30,0.23,0.0,0.0
Mowasalat Hybrid Solar Charging Station - LTS Building,2025-11-17,02:00,0.23,0.0,0.0
Mowasalat Hybrid Solar Charging Station - LTS Building,2025-11-17,01:30,0.23,0.0,0.0
Mowasalat Hybrid Solar Charging Station - LTS Building,2025-11-17,01:00,0.23,0.0,0.0
Mowasalat Hybrid Solar Charging Station - LTS Building,2025-11-17,00:30,0.23,0.0,0.0
Mowasalat Hybrid Solar Charging Station - LTS Building,2025-11-17,00:00,0.23,0.0,0.0
Mowasalat Hybrid Solar Charging Station - LTS Building,2025-11-16,23:30,0.23,0.0,0.0
Mowasalat Hybrid Solar Charging Station - LTS Building,2025-11-16,23:00,0.23,0.0,0.0
Mowasalat Hybrid Solar Charging Station - LTS Building,2025-11-16,22:30,0.23,0.0,0.0
Mowasalat Hybrid Solar Charging Station - LTS Building,2025-11-16,22:00,0.23,0.0,0.0
Mowasalat Hybrid Solar Charging Station - LTS Building,2025-11-16,21:30,0.23,0.0,0.0
Mowasalat Hybrid Solar Charging Station - LTS Building,2025-11-16,21:00,0.23,0.0,0.0
Mowasalat Hybrid Solar Charging Station - LTS Building,2025-11-16,20:30,0.23,0.0,0.0
Mowasalat Hybrid Solar Charging Station - LTS Building,2025-11-16,20:00,0.23,0.0,0.0
Mowasalat Hybrid Solar Charging Station - LTS Building,2025-11-16,19:30,0.23,0.0,0.0
Mowasalat Hybrid Solar Charging Station - LTS Building,2025-11-16,19:00,0.23,0.0,0.0
Mowasalat Hybrid Solar Charging Station - LTS Building,2025-11-16,18:30,0.23,0.0,0.0
Mowasalat Hybrid Solar Charging Station - LTS Building,2025-11-16,18:00,0.23,0.0,0.0
Mowasalat Hybrid Solar Charging Station - LTS Building,2025-11-16,17:30,0.23,0.0,0.0
Mowasalat Hybrid Solar Charging Station - LTS Building,2025-11-16,17:00,0.23,0.0,0.0
Mowasalat Hybrid Solar Charging Station - LTS Building,2025-11-16,16:30,0.23,0.0,0.0
Mowasalat Hybrid Solar Charging Station - LTS Building,2025-11-16,16:00,0.23,0.0883,0.0203
Mowasalat Hybrid Solar Charging Station - LTS Building,2025-11-16,15:30,0.23,0.342,0.0787
Mowasalat Hybrid Solar Charging Station - LTS Building,2025-11-16,15:00,0.23,0.4627,0.1064
Mowasalat Hybrid Solar Charging Station - LTS Building,2025-11-16,14:30,0.23,0.9143,0.2103
Mowasalat Hybrid Solar Charging Station - LTS Building,2025-11-16,14:00,0.23,1.2277,0.2824
Mowasalat Hybrid Solar Charging Station - LTS Building,2025-11-16,13:30,0.23,1.6582,0.3814
Mowasalat Hybrid Solar Charging Station - LTS Building,2025-11-16,13:00,0.23,2.0365,0.4684
Mowasalat Hybrid Solar Charging Station - LTS Building,2025-11-16,12:30,0.23,2.4628,0.5664
Mowasalat Hybrid Solar Charging Station - LTS Building,2025-11-16,12:00,0.23,2.8282,0.6505
Mowasalat Hybrid Solar Charging Station - LTS Building,2025-11-16,11:30,0.23,2.3924,0.5503
Mowasalat Hybrid Solar Charging Station - LTS Building,2025-11-16,11:00,0.23,2.7553,0.6337
Mowasalat Hybrid Solar Charging Station - LTS Building,2025-11-16,10:30,0.23,2.8197,0.6485
Mowasalat Hybrid Solar Charging Station - LTS Building,2025-11-16,10:00,0.23,2.8908,0.6649
Mowasalat Hybrid Solar Charging Station - LTS Building,2025-11-16,09:30,0.23,2.5289,0.5816
Mowasalat Hybrid Solar Charging Station - LTS Building,2025-11-16,09:00,0.23,2.4036,0.5528
Mowasalat Hybrid Solar Charging Station - LTS Building,2025-11-16,08:30,0.23,2.0717,0.4765
Mowasalat Hybrid Solar Charging Station - LTS Building,2025-11-16,08:00,0.23,1.6307,0.3751
Mowasalat Hybrid Solar Charging Station - LTS Building,2025-11-16,07:30,0.23,1.0489,0.2412
Mowasalat Hybrid Solar Charging Station - LTS Building,2025-11-16,07:00,0.23,0.7064,0.1625
Mowasalat Hybrid Solar Charging Station - LTS Building,2025-11-16,06:30,0.23,0.2096,0.0482
Mowasalat Hybrid Solar Charging Station - LTS Building,2025-11-16,06:00,0.23,0.0263,0.006
Mowasalat Hybrid Solar Charging Station - LTS Building,2025-11-16,05:30,0.23,0.0,0.0
Mowasalat Hybrid Solar Charging Station - LTS Building,2025-11-16,05:00,0.23,0.0,0.0
Mowasalat Hybrid Solar Charging Station - LTS Building,2025-11-16,04:30,0.23,0.0,0.0
Mowasalat Hybrid Solar Charging Station - LTS Building,2025-11-16,04:00,0.23,0.0,0.0
Mowasalat Hybrid Solar Charging Station - LTS Building,2025-11-16,03:30,0.23,0.0,0.0
Mowasalat Hybrid Solar Charging Station - LTS Building,2025-11-16,03:00,0.23,0.0,0.0
Mowasalat Hybrid Solar Charging Station - LTS Building,2025-11-16,02:30,0.23,0.0,0.0
Mowasalat Hybrid Solar Charging Station - LTS Building,2025-11-16,02:00,0.23,0.0,0.0
Mowasalat Hybrid Solar Charging Station - LTS Building,2025-11-16,01:30,0.23,0.0,0.0
Mowasalat Hybrid Solar Charging Station - LTS Building,2025-11-16,01:00,0.23,0.0,0.0
Mowasalat Hybrid Solar Charging Station - LTS Building,2025-11-16,00:30,0.23,0.0,0.0
Mowasalat Hybrid Solar Charging Station - LTS Building,2025-11-16,00:00,0.23,0.0,0.0
Mowasalat Hybrid Solar Charging Station - LTS Building,2025-11-15,23:30,0.23,0.0,0.0
Mowasalat Hybrid Solar Charging Station - LTS Building,2025-11-15,23:00,0.23,0.0,0.0
Mowasalat Hybrid Solar Charging Station - LTS Building,2025-11-15,22:30,0.23,0.0,0.0
Mowasalat Hybrid Solar Charging Station - LTS Building,2025-11-15,22:00,0.23,0.0,0.0
Mowasalat Hybrid Solar Charging Station - LTS Building,2025-11-15,21:30,0.23,0.0,0.0
Mowasalat Hybrid Solar Charging Station - LTS Building,2025-11-15,21:00,0.23,0.0,0.0
Mowasalat Hybrid Solar Charging Station - LTS Building,2025-11-15,20:30,0.23,0.0,0.0
Mowasalat Hybrid Solar Charging Station - LTS Building,2025-11-15,20:00,0.23,0.0,0.0
Mowasalat Hybrid Solar Charging Station - LTS Building,2025-11-15,19:30,0.23,0.0,0.0
Mowasalat Hybrid Solar Charging Station - LTS Building,2025-11-15,19:00,0.23,0.0,0.0
Mowasalat Hybrid Solar Charging Station - LTS Building,2025-11-15,18:30,0.23,0.0,0.0
Mowasalat Hybrid Solar Charging Station - LTS Building,2025-11-15,18:00,0.23,0.0,0.0
Mowasalat Hybrid Solar Charging Station - LTS Building,2025-11-15,17:30,0.23,0.0,0.0
Mowasalat Hybrid Solar Charging Station - LTS Building,2025-11-15,17:00,0.23,0.0,0.0
Mowasalat Hybrid Solar Charging Station - LTS Building,2025-11-15,16:30,0.23,0.0035,0.00080
Mowasalat Hybrid Solar Charging Station - LTS Building,2025-11-15,16:00,0.23,0.0393,0.009
Mowasalat Hybrid Solar Charging Station - LTS Building,2025-11-15,15:30,0.23,0.3144,0.0723
Mowasalat Hybrid Solar Charging Station - LTS Building,2025-11-15,15:00,0.23,0.6554,0.1507
Mowasalat Hybrid Solar Charging Station - LTS Building,2025-11-15,14:30,0.23,1.0256,0.2359
Mowasalat Hybrid Solar Charging Station - LTS Building,2025-11-15,14:00,0.23,1.4753,0.3393
Mowasalat Hybrid Solar Charging Station - LTS Building,2025-11-15,13:30,0.23,1.8686,0.4298
Mowasalat Hybrid Solar Charging Station - LTS Building,2025-11-15,13:00,0.23,2.1255,0.4889
Mowasalat Hybrid Solar Charging Station - LTS Building,2025-11-15,12:30,0.23,2.4942,0.5737
Mowasalat Hybrid Solar Charging Station - LTS Building,2025-11-15,12:00,0.23,2.7339,0.6288
Mowasalat Hybrid Solar Charging Station - LTS Building,2025-11-15,11:30,0.23,2.8402,0.6532
Mowasalat Hybrid Solar Charging Station - LTS Building,2025-11-15,11:00,0.23,2.9505,0.6786
Mowasalat Hybrid Solar Charging Station - LTS Building,2025-11-15,10:30,0.23,2.9583,0.6804
Mowasalat Hybrid Solar Charging Station - LTS Building,2025-11-15,10:00,0.23,2.8365,0.6524
Mowasalat Hybrid Solar Charging Station - LTS Building,2025-11-15,09:30,0.23,2.627,0.6042
Mowasalat Hybrid Solar Charging Station - LTS Building,2025-11-15,09:00,0.23,2.3859,0.5488
Mowasalat Hybrid Solar Charging Station - LTS Building,2025-11-15,08:30,0.23,2.0445,0.4702
Mowasalat Hybrid Solar Charging Station - LTS Building,2025-11-15,08:00,0.23,1.6372,0.3766
Mowasalat Hybrid Solar Charging Station - LTS Building,2025-11-15,07:30,0.23,1.212,0.2788
Mowasalat Hybrid Solar Charging Station - LTS Building,2025-11-15,07:00,0.23,0.8453,0.1944
Mowasalat Hybrid Solar Charging Station - LTS Building,2025-11-15,06:30,0.23,0.2598,0.0598
Mowasalat Hybrid Solar Charging Station - LTS Building,2025-11-15,06:00,0.23,0.037,0.0085
Mowasalat Hybrid Solar Charging Station - LTS Building,2025-11-15,05:30,0.23,0.0,0.0
Mowasalat Hybrid Solar Charging Station - LTS Building,2025-11-15,05:00,0.23,0.0,0.0
Mowasalat Hybrid Solar Charging Station - LTS Building,2025-11-15,04:30,0.23,0.0,0.0
Mowasalat Hybrid Solar Charging Station - LTS Building,2025-11-15,04:00,0.23,0.0,0.0
Mowasalat Hybrid Solar Charging Station - LTS Building,2025-11-15,03:30,0.23,0.0,0.0
Mowasalat Hybrid Solar Charging Station - LTS Building,2025-11-15,03:00,0.23,0.0,0.0
Mowasalat Hybrid Solar Charging Station - LTS Building,2025-11-15,02:30,0.23,0.0,0.0
Mowasalat Hybrid Solar Charging Station - LTS Building,2025-11-15,02:00,0.23,0.0,0.0
Mowasalat Hybrid Solar Charging Station - LTS Building,2025-11-15,01:30,0.23,0.0,0.0
Mowasalat Hybrid Solar Charging Station - LTS Building,2025-11-15,01:00,0.23,0.0,0.0
Mowasalat Hybrid Solar Charging Station - LTS Building,2025-11-15,00:30,0.23,0.0,0.0
Mowasalat Hybrid Solar Charging Station - LTS Building,2025-11-15,00:00,0.23,0.0,0.0
Mowasalat Hybrid Solar Charging Station - LTS Building,2025-11-14,23:30,0.23,0.0,0.0
Mowasalat Hybrid Solar Charging Station - LTS Building,2025-11-14,23:00,0.23,0.0,0.0
Mowasalat Hybrid Solar Charging Station - LTS Building,2025-11-14,22:30,0.23,0.0,0.0
Mowasalat Hybrid Solar Charging Station - LTS Building,2025-11-14,22:00,0.23,0.0,0.0
Mowasalat Hybrid Solar Charging Station - LTS Building,2025-11-14,21:30,0.23,0.0,0.0
Mowasalat Hybrid Solar Charging Station - LTS Building,2025-11-14,21:00,0.23,0.0,0.0
Mowasalat Hybrid Solar Charging Station - LTS Building,2025-11-14,20:30,0.23,0.0,0.0
Mowasalat Hybrid Solar Charging Station - LTS Building,2025-11-14,20:00,0.23,0.0,0.0
Mowasalat Hybrid Solar Charging Station - LTS Building,2025-11-14,19:30,0.23,0.0,0.0
Mowasalat Hybrid Solar Charging Station - LTS Building,2025-11-14,19:00,0.23,0.0,0.0
Mowasalat Hybrid Solar Charging Station - LTS Building,2025-11-14,18:30,0.23,0.0,0.0
Mowasalat Hybrid Solar Charging Station - LTS Building,2025-11-14,18:00,0.23,0.0,0.0
Mowasalat Hybrid Solar Charging Station - LTS Building,2025-11-14,17:30,0.23,0.0,0.0
Mowasalat Hybrid Solar Charging Station - LTS Building,2025-11-14,17:00,0.23,0.0,0.0
Mowasalat Hybrid Solar Charging Station - LTS Building,2025-11-14,16:30,0.23,0.0,0.0
Mowasalat Hybrid Solar Charging Station - LTS Building,2025-11-14,16:00,0.23,0.0505,0.0116
Mowasalat Hybrid Solar Charging Station - LTS Building,2025-11-14,15:30,0.23,0.2764,0.0636
Mowasalat Hybrid Solar Charging Station - LTS Building,2025-11-14,15:00,0.23,0.6195,0.1425
Mowasalat Hybrid Solar Charging Station - LTS Building,2025-11-14,14:30,0.23,1.1302,0.2599
Mowasalat Hybrid Solar Charging Station - LTS Building,2025-11-14,14:00,0.23,1.367,0.3144
Mowasalat Hybrid Solar Charging Station - LTS Building,2025-11-14,13:30,0.23,1.9171,0.4409
Mowasalat Hybrid Solar Charging Station - LTS Building,2025-11-14,13:00,0.23,2.2972,0.5284
Mowasalat Hybrid Solar Charging Station - LTS Building,2025-11-14,12:30,0.23,2.6019,0.5984
Mowasalat Hybrid Solar Charging Station - LTS Building,2025-11-14,12:00,0.23,2.8502,0.6555
Mowasalat Hybrid Solar Charging Station - LTS Building,2025-11-14,11:30,0.23,2.9351,0.6751
Mowasalat Hybrid Solar Charging Station - LTS Building,2025-11-14,11:00,0.23,2.9874,0.6871
Mowasalat Hybrid Solar Charging Station - LTS Building,2025-11-14,10:30,0.23,2.9488,0.6782
Mowasalat Hybrid Solar Charging Station - LTS Building,2025-11-14,10:00,0.23,2.8099,0.6463
Mowasalat Hybrid Solar Charging Station - LTS Building,2025-11-14,09:30,0.23,2.6065,0.5995
Mowasalat Hybrid Solar Charging Station - LTS Building,2025-11-14,09:00,0.23,2.326,0.535
Mowasalat Hybrid Solar Charging Station - LTS Building,2025-11-14,08:30,0.23,2.0018,0.4604
Mowasalat Hybrid Solar Charging Station - LTS Building,2025-11-14,08:00,0.23,1.5562,0.3579
Mowasalat Hybrid Solar Charging Station - LTS Building,2025-11-14,07:30,0.23,1.1437,0.2631
Mowasalat Hybrid Solar Charging Station - LTS Building,2025-11-14,07:00,0.23,0.4965,0.1142
Mowasalat Hybrid Solar Charging Station - LTS Building,2025-11-14,06:30,0.23,0.1687,0.0388
Mowasalat Hybrid Solar Charging Station - LTS Building,2025-11-14,06:00,0.23,3.9807,0.9156
Mowasalat Hybrid Solar Charging Station - LTS Building,2025-11-14,05:30,0.23,0.0,0.0
Mowasalat Hybrid Solar Charging Station - LTS Building,2025-11-14,05:00,0.23,0.0,0.0
Mowasalat Hybrid Solar Charging Station - LTS Building,2025-11-14,04:30,0.23,0.0,0.0
Mowasalat Hybrid Solar Charging Station - LTS Building,2025-11-14,04:00,0.23,0.0,0.0
Mowasalat Hybrid Solar Charging Station - LTS Building,2025-11-14,03:30,0.23,0.0,0.0
Mowasalat Hybrid Solar Charging Station - LTS Building,2025-11-14,03:00,0.23,0.0,0.0
Mowasalat Hybrid Solar Charging Station - LTS Building,2025-11-14,02:30,0.23,0.0,0.0
Mowasalat Hybrid Solar Charging Station - LTS Building,2025-11-14,02:00,0.23,0.0,0.0
Mowasalat Hybrid Solar Charging Station - LTS Building,2025-11-14,01:30,0.23,0.0,0.0
Mowasalat Hybrid Solar Charging Station - LTS Building,2025-11-14,01:00,0.23,0.0,0.0
Mowasalat Hybrid Solar Charging Station - LTS Building,2025-11-14,00:30,0.23,0.0,0.0
Mowasalat Hybrid Solar Charging Station - LTS Building,2025-11-14,00:00,0.23,0.0,0.0
Mowasalat Hybrid Solar Charging Station - LTS Building,2025-11-13,23:30,0.23,0.0,0.0
Mowasalat Hybrid Solar Charging Station - LTS Building,2025-11-13,23:00,0.23,0.0,0.0
Mowasalat Hybrid Solar Charging Station - LTS Building,2025-11-13,22:30,0.23,0.0,0.0
Mowasalat Hybrid Solar Charging Station - LTS Building,2025-11-13,22:00,0.23,0.0,0.0
Mowasalat Hybrid Solar Charging Station - LTS Building,2025-11-13,21:30,0.23,0.0,0.0
Mowasalat Hybrid Solar Charging Station - LTS Building,2025-11-13,21:00,0.23,0.0,0.0
Mowasalat Hybrid Solar Charging Station - LTS Building,2025-11-13,20:30,0.23,0.0,0.0
Mowasalat Hybrid Solar Charging Station - LTS Building,2025-11-13,20:00,0.23,0.0,0.0
Mowasalat Hybrid Solar Charging Station - LTS Building,2025-11-13,19:30,0.23,0.0,0.0
Mowasalat Hybrid Solar Charging Station - LTS Building,2025-11-13,19:00,0.23,0.0,0.0
Mowasalat Hybrid Solar Charging Station - LTS Building,2025-11-13,18:30,0.23,0.0,0.0
Mowasalat Hybrid Solar Charging Station - LTS Building,2025-11-13,18:00,0.23,0.0,0.0
Mowasalat Hybrid Solar Charging Station - LTS Building,2025-11-13,17:30,0.23,0.0,0.0
Mowasalat Hybrid Solar Charging Station - LTS Building,2025-11-13,17:00,0.23,0.0,0.0
Mowasalat Hybrid Solar Charging Station - LTS Building,2025-11-13,16:30,0.23,0.0,0.0
Mowasalat Hybrid Solar Charging Station - LTS Building,2025-11-13,16:00,0.23,0.0,0.0
Mowasalat Hybrid Solar Charging Station - LTS Building,2025-11-13,15:30,0.23,0.0,0.0
Mowasalat Hybrid Solar Charging Station - LTS Building,2025-11-13,15:00,0.23,0.0,0.0
Mowasalat Hybrid Solar Charging Station - LTS Building,2025-11-13,14:30,0.23,0.0,0.0
Mowasalat Hybrid Solar Charging Station - LTS Building,2025-11-13,13:00,0.23,2.0704,0.4762
Mowasalat Hybrid Solar Charging Station - LTS Building,2025-11-13,12:30,0.23,1.5279,0.3514
Mowasalat Hybrid Solar Charging Station - LTS Building,2025-11-13,12:00,0.23,2.1173,0.487
Mowasalat Hybrid Solar Charging Station - LTS Building,2025-11-13,11:30,0.23,2.9878,0.6872
Mowasalat Hybrid Solar Charging Station - LTS Building,2025-11-13,11:00,0.23,2.9695,0.683
Mowasalat Hybrid Solar Charging Station - LTS Building,2025-11-13,10:30,0.23,2.9382,0.6758
Mowasalat Hybrid Solar Charging Station - LTS Building,2025-11-13,10:00,0.23,2.6163,0.6017
Mowasalat Hybrid Solar Charging Station - LTS Building,2025-11-13,09:30,0.23,3.1882,0.7333
Mowasalat Hybrid Solar Charging Station - LTS Building,2025-11-13,08:30,0.23,1.9581,0.4504
Mowasalat Hybrid Solar Charging Station - LTS Building,2025-11-13,08:00,0.23,1.5617,0.3592
Mowasalat Hybrid Solar Charging Station - LTS Building,2025-11-13,07:30,0.23,1.1174,0.257
Mowasalat Hybrid Solar Charging Station - LTS Building,2025-11-13,07:00,0.23,0.6849,0.1575
Mowasalat Hybrid Solar Charging Station - LTS Building,2025-11-13,06:30,0.23,0.1803,0.0415
Mowasalat Hybrid Solar Charging Station - LTS Building,2025-11-13,06:00,4.0,0.0137,0.0548
Mowasalat Hybrid Solar Charging Station - LTS Building,2025-11-13,05:30,4.0,0.0,0.0
Mowasalat Hybrid Solar Charging Station - LTS Building,2025-11-13,05:00,4.0,0.0,0.0
Mowasalat Hybrid Solar Charging Station - LTS Building,2025-11-13,04:30,4.0,0.0,0.0
Mowasalat Hybrid Solar Charging Station - LTS Building,2025-11-13,04:00,4.0,0.0,0.0
Mowasalat Hybrid Solar Charging Station - LTS Building,2025-11-13,03:30,4.0,0.0,0.0
Mowasalat Hybrid Solar Charging Station - LTS Building,2025-11-13,03:00,4.0,0.0,0.0
Mowasalat Hybrid Solar Charging Station - LTS Building,2025-11-13,02:30,4.0,0.0,0.0
Mowasalat Hybrid Solar Charging Station - LTS Building,2025-11-13,02:00,4.0,0.0,0.0
Mowasalat Hybrid Solar Charging Station - LTS Building,2025-11-13,01:30,4.0,0.0,0.0
Mowasalat Hybrid Solar Charging Station - LTS Building,2025-11-13,01:00,4.0,0.0,0.0
Mowasalat Hybrid Solar Charging Station - LTS Building,2025-11-13,00:30,4.0,0.0,0.0
Mowasalat Hybrid Solar Charging Station - LTS Building,2025-11-13,00:00,4.0,0.0,0.0
Mowasalat Hybrid Solar Charging Station - LTS Building,2025-11-12,23:30,4.0,0.0,0.0
Mowasalat Hybrid Solar Charging Station - LTS Building,2025-11-12,23:00,4.0,0.0,0.0
Mowasalat Hybrid Solar Charging Station - LTS Building,2025-11-12,22:30,4.0,0.0,0.0
Mowasalat Hybrid Solar Charging Station - LTS Building,2025-11-12,22:00,4.0,0.0,0.0
Mowasalat Hybrid Solar Charging Station - LTS Building,2025-11-12,21:30,4.0,0.0,0.0
Mowasalat Hybrid Solar Charging Station - LTS Building,2025-11-12,21:00,4.0,0.0,0.0
Mowasalat Hybrid Solar Charging Station - LTS Building,2025-11-12,20:30,4.0,0.0,0.0
Mowasalat Hybrid Solar Charging Station - LTS Building,2025-11-12,20:00,4.0,0.0,0.0
Mowasalat Hybrid Solar Charging Station - LTS Building,2025-11-12,19:30,4.0,0.0,0.0
Mowasalat Hybrid Solar Charging Station - LTS Building,2025-11-12,19:00,4.0,0.0,0.0
Mowasalat Hybrid Solar Charging Station - LTS Building,2025-11-12,18:30,4.0,0.0,0.0
Mowasalat Hybrid Solar Charging Station - LTS Building,2025-11-12,18:00,4.0,0.0,0.0
Mowasalat Hybrid Solar Charging Station - LTS Building,2025-11-12,17:30,4.0,0.0,0.0
Mowasalat Hybrid Solar Charging Station - LTS Building,2025-11-12,17:00,4.0,0.0,0.0
Mowasalat Hybrid Solar Charging Station - LTS Building,2025-11-12,16:30,4.0,0.0056,0.0224
Mowasalat Hybrid Solar Charging Station - LTS Building,2025-11-12,16:00,4.0,0.094,0.376
Mowasalat Hybrid Solar Charging Station - LTS Building,2025-11-12,15:30,4.0,0.3466,1.3864
Mowasalat Hybrid Solar Charging Station - LTS Building,2025-11-12,15:00,4.0,0.6754,2.7016
Mowasalat Hybrid Solar Charging Station - LTS Building,2025-11-12,14:30,4.0,0.8909,3.5636
Mowasalat Hybrid Solar Charging Station - LTS Building,2025-11-12,14:00,4.0,0.6233,2.4932
Mowasalat Hybrid Solar Charging Station - LTS Building,2025-11-12,13:30,4.0,0.9287,3.7148
Mowasalat Hybrid Solar Charging Station - LTS Building,2025-11-12,13:00,4.0,2.053,8.212
Mowasalat Hybrid Solar Charging Station - LTS Building,2025-11-12,12:30,4.0,2.3897,9.5588
Mowasalat Hybrid Solar Charging Station - LTS Building,2025-11-12,12:00,4.0,2.3436,9.3744
Mowasalat Hybrid Solar Charging Station - LTS Building,2025-11-12,11:30,4.0,2.7629,11.0516
Mowasalat Hybrid Solar Charging Station - LTS Building,2025-11-12,11:00,4.0,2.841,11.364
Mowasalat Hybrid Solar Charging Station - LTS Building,2025-11-12,10:30,4.0,2.6024,10.4096
Mowasalat Hybrid Solar Charging Station - LTS Building,2025-11-12,10:00,4.0,2.8293,11.3172
Mowasalat Hybrid Solar Charging Station - LTS Building,2025-11-12,09:30,4.0,2.4269,9.7076
Mowasalat Hybrid Solar Charging Station - LTS Building,2025-11-12,09:00,4.0,1.4455,5.782
Mowasalat Hybrid Solar Charging Station - LTS Building,2025-11-12,08:30,4.0,1.3723,5.4892
Mowasalat Hybrid Solar Charging Station - LTS Building,2025-11-12,08:00,4.0,1.4782,5.9128
Mowasalat Hybrid Solar Charging Station - LTS Building,2025-11-12,07:30,4.0,1.1061,4.4244
Mowasalat Hybrid Solar Charging Station - LTS Building,2025-11-12,07:00,4.0,0.5563,2.2252
Mowasalat Hybrid Solar Charging Station - LTS Building,2025-11-12,06:30,4.0,0.1822,0.7288
Mowasalat Hybrid Solar Charging Station - LTS Building,2025-11-12,06:00,4.0,0.017,0.068
Mowasalat Hybrid Solar Charging Station - LTS Building,2025-11-12,05:30,4.0,0.0,0.0
Mowasalat Hybrid Solar Charging Station - LTS Building,2025-11-12,05:00,4.0,0.0,0.0
Mowasalat Hybrid Solar Charging Station - LTS Building,2025-11-12,04:30,4.0,0.0,0.0
Mowasalat Hybrid Solar Charging Station - LTS Building,2025-11-12,04:00,4.0,0.0,0.0
Mowasalat Hybrid Solar Charging Station - LTS Building,2025-11-12,03:30,4.0,0.0,0.0
Mowasalat Hybrid Solar Charging Station - LTS Building,2025-11-12,03:00,4.0,0.0,0.0
Mowasalat Hybrid Solar Charging Station - LTS Building,2025-11-12,02:30,4.0,0.0,0.0
Mowasalat Hybrid Solar Charging Station - LTS Building,2025-11-12,02:00,4.0,0.0,0.0
Mowasalat Hybrid Solar Charging Station - LTS Building,2025-11-12,01:30,4.0,0.0,0.0
Mowasalat Hybrid Solar Charging Station - LTS Building,2025-11-12,01:00,4.0,0.0,0.0
Mowasalat Hybrid Solar Charging Station - LTS Building,2025-11-12,00:30,4.0,0.0,0.0
Mowasalat Hybrid Solar Charging Station - LTS Building,2025-11-12,00:00,4.0,0.0,0.0
Mowasalat Hybrid Solar Charging Station - LTS Building,2025-11-11,23:30,4.0,0.0,0.0
Mowasalat Hybrid Solar Charging Station - LTS Building,2025-11-11,23:00,4.0,0.0,0.0
Mowasalat Hybrid Solar Charging Station - LTS Building,2025-11-11,22:30,4.0,0.0,0.0
Mowasalat Hybrid Solar Charging Station - LTS Building,2025-11-11,22:00,4.0,0.0,0.0
Mowasalat Hybrid Solar Charging Station - LTS Building,2025-11-11,21:30,4.0,0.0,0.0
Mowasalat Hybrid Solar Charging Station - LTS Building,2025-11-11,21:00,4.0,0.0,0.0
Mowasalat Hybrid Solar Charging Station - LTS Building,2025-11-11,20:30,4.0,0.0,0.0
Mowasalat Hybrid Solar Charging Station - LTS Building,2025-11-11,20:00,4.0,0.0,0.0
Mowasalat Hybrid Solar Charging Station - LTS Building,2025-11-11,19:30,4.0,0.0,0.0
Mowasalat Hybrid Solar Charging Station - LTS Building,2025-11-11,19:00,4.0,0.0,0.0
Mowasalat Hybrid Solar Charging Station - LTS Building,2025-11-11,18:30,4.0,0.0,0.0
Mowasalat Hybrid Solar Charging Station - LTS Building,2025-11-11,18:00,4.0,0.0,0.0
Mowasalat Hybrid Solar Charging Station - LTS Building,2025-11-11,17:30,4.0,0.0,0.0
Mowasalat Hybrid Solar Charging Station - LTS Building,2025-11-11,17:00,4.0,0.0,0.0
Mowasalat Hybrid Solar Charging Station - LTS Building,2025-11-11,16:30,4.0,0.0,0.0
Mowasalat Hybrid Solar Charging Station - LTS Building,2025-11-11,16:00,4.0,0.1314,0.5256
Mowasalat Hybrid Solar Charging Station - LTS Building,2025-11-11,15:30,4.0,0.4576,1.8304
Mowasalat Hybrid Solar Charging Station - LTS Building,2025-11-11,15:00,4.0,0.7425,2.97
Mowasalat Hybrid Solar Charging Station - LTS Building,2025-11-11,14:30,4.0,1.1854,4.7416
Mowasalat Hybrid Solar Charging Station - LTS Building,2025-11-11,14:00,4.0,1.4777,5.9108
Mowasalat Hybrid Solar Charging Station - LTS Building,2025-11-11,13:30,4.0,1.8727,7.4908
Mowasalat Hybrid Solar Charging Station - LTS Building,2025-11-11,13:00,4.0,2.6324,10.5296
Mowasalat Hybrid Solar Charging Station - LTS Building,2025-11-11,12:30,4.0,2.1001,8.4004
Mowasalat Hybrid Solar Charging Station - LTS Building,2025-11-11,12:00,4.0,2.7014,10.8056
Mowasalat Hybrid Solar Charging Station - LTS Building,2025-11-11,11:30,4.0,2.3736,9.4944
Mowasalat Hybrid Solar Charging Station - LTS Building,2025-11-11,11:00,4.0,2.9837,11.9348
Mowasalat Hybrid Solar Charging Station - LTS Building,2025-11-11,10:30,4.0,2.9547,11.8188
Mowasalat Hybrid Solar Charging Station - LTS Building,2025-11-11,10:00,4.0,2.8944,11.5776
Mowasalat Hybrid Solar Charging Station - LTS Building,2025-11-11,09:30,4.0,2.7764,11.1056
Mowasalat Hybrid Solar Charging Station - LTS Building,2025-11-11,09:00,4.0,2.5535,10.214
Mowasalat Hybrid Solar Charging Station - LTS Building,2025-11-11,08:30,4.0,2.1896,8.7584
Mowasalat Hybrid Solar Charging Station - LTS Building,2025-11-11,08:00,4.0,1.8132,7.2528
Mowasalat Hybrid Solar Charging Station - LTS Building,2025-11-11,07:30,4.0,1.3581,5.4324
Mowasalat Hybrid Solar Charging Station - LTS Building,2025-11-11,07:00,4.0,0.7522,3.0088
Mowasalat Hybrid Solar Charging Station - LTS Building,2025-11-11,06:30,4.0,0.2688,1.0752
Mowasalat Hybrid Solar Charging Station - LTS Building,2025-11-11,06:00,4.0,0.0404,0.1616
